location,lat,long,score
"Waffle House-Duluth,GA",33.991269,-84.153232,8
"Waffle House-Biloxi,MS",30.393627,-88.942691,3
"Waffle House-Pearl,MS",32.269078,-90.13518,3
"Waffle House-Memphis,TN",35.155903,-89.885466,2
"Waffle House-Lumberton,TX",30.242025,-94.195967,2
"Waffle House-Troy,AL",31.793855,-85.9791,9
"Waffle House-Middletown,DE",39.449629,-75.727768,4
"Waffle House-Darien,GA",31.386768,-81.427065,8
"Waffle House-Clinton,TN",36.0888062,-84.1717987,7
"Waffle House-Alabaster,AL",33.232558,-86.810034,9
"Waffle House-Albertville,AL",34.277329,-86.203102,6
"Waffle House-Alexandria,AL",33.781237,-85.897571,7
"Waffle House-Anniston,AL",33.664183,-85.82691,8
"Waffle House-Athens,AL",34.782688,-86.938264,10
"Waffle House-Atmore,AL",31.072156,-87.486071,9
"Waffle House-Attalla,AL",34.018108,-86.073975,9
"Waffle House-Attalla,AL",33.997137,-86.094351,7
"Waffle House-Auburn,AL",32.609088,-85.481977,7
"Waffle House-Auburn,AL",32.625655,-85.444521,10
"Waffle House-Auburn,AL",32.563899,-85.503345,8
"Waffle House-Auburn,AL",32.60794,-85.43032,7
"Waffle House-Bay Minette,AL",30.878354,-87.783863,6
"Waffle House-Bayou La Batre,AL",30.419271,-88.244206,10
"Waffle House-Bessemer,AL",33.33704,-86.917275,8
"Waffle House-Bessemer,AL",33.366189,-87.004126,8
"Waffle House-Bessemer,AL",33.3964157,-86.9686584,10
"Waffle House-Birmingham,AL",33.501524,-86.796907,6
"Waffle House-Birmingham,AL",33.597146,-86.644819,6
"Waffle House-Birmingham,AL",33.507804,-86.80472,8
"Waffle House-Birmingham,AL",33.371325,-86.800159,10
"Waffle House-Birmingham,AL",33.414835,-86.665702,9
"Waffle House-Birmingham,AL",33.588361,-86.698895,10
"Waffle House-Boaz,AL",34.198751,-86.151871,9
"Waffle House-Calera,AL",33.147916,-86.749224,6
"Waffle House-Center Point,AL",33.6427,-86.683779,5
"Waffle House-Centre,AL",34.161749,-85.715896,10
"Waffle House-Childersburg,AL",33.266142,-86.351762,5
"Waffle House-Clanton,AL",32.801415,-86.577506,6
"Waffle House-Cullman,AL",34.115092,-86.864278,9
"Waffle House-Cullman,AL",34.203755,-86.875834,5
"Waffle House-Daleville,AL",31.299883,-85.725882,6
"Waffle House-Daphne,AL",30.64894,-87.912476,8
"Waffle House-Daphne,AL",30.674185,-87.852427,6
"Waffle House-Daphne,AL",30.655141,-87.904628,10
"Waffle House-Decatur,AL",34.571935,-87.014803,7
"Waffle House-Decatur,AL",34.56879,-86.973265,10
"Waffle House-Decatur,AL",34.536329,-86.909698,7
"Waffle House-Decatur,AL",34.607834,-86.979408,6
"Waffle House-Dothan,AL",31.217406,-85.362736,5
"Waffle House-Dothan,AL",31.25606,-85.38805,9
"Waffle House-Dothan,AL",31.18596,-85.397366,9
"Waffle House-Dothan,AL",31.215517,-85.430612,6
"Waffle House-Dothan,AL",31.248443,-85.425592,5
"Waffle House-Dothan,AL",31.234204,-85.453399,7
"Waffle House-Enterprise,AL",31.321492,-85.831036,8
"Waffle House-Eufaula,AL",31.8724,-85.154813,5
"Waffle House-Evergreen,AL",31.455469,-86.969119,8
"Waffle House-Fairfield,AL",33.464398,-86.91063,10
"Waffle House-Fairhope,AL",30.515073,-87.886156,6
"Waffle House-Florence,AL",34.828431,-87.63627,6
"Waffle House-Foley,AL",30.40751,-87.647599,7
"Waffle House-Foley,AL",30.376672,-87.683327,9
"Waffle House-Ft Payne,AL",34.4374,-85.750705,7
"Waffle House-Fultondale,AL",33.607896,-86.802377,5
"Waffle House-Gadsden,AL",33.997586,-86.004372,7
"Waffle House-Gadsden,AL",34.011355,-85.992305,9
"Waffle House-Gardendale,AL",33.652029,-86.818922,10
"Waffle House-Grand Bay,AL",30.47255,-88.349099,5
"Waffle House-Greenville,AL",31.848637,-86.640272,9
"Waffle House-Gulfshores,AL",30.249287,-87.682336,10
"Waffle House-Guntersville,AL",34.336979,-86.313788,10
"Waffle House-Homewood,AL",33.461273,-86.828534,9
"Waffle House-Hoover,AL",33.410959,-86.806565,8
"Waffle House-Hoover,AL",33.3864822,-86.7392921,9
"Waffle House-Hueytown,AL",33.4570084,-86.9656982,10
"Waffle House-Huntsville,AL",34.6279474,-86.5671741,9
"Waffle House-Huntsville,AL",34.774994,-86.526646,5
"Waffle House-Huntsville,AL",34.7921053,-86.6681137,9
"Waffle House-Huntsville,AL",34.735033,-86.626966,10
"Waffle House-Huntsville,AL",34.7393811,-86.589588,6
"Waffle House-Huntsville,AL",34.738196,-86.656658,7
"Waffle House-Huntsville,AL",34.672994,-86.538197,7
"Waffle House-Irondale,AL",33.533299,-86.702938,5
"Waffle House-Irvington,AL",30.539614,-88.242229,8
"Waffle House-Jacksonville,AL",33.818858,-85.761357,7
"Waffle House-Jasper,AL",33.847595,-87.266009,7
"Waffle House-Leeds,AL",33.563658,-86.52227,7
"Waffle House-Lincoln,AL",33.613461,-86.119069,9
"Waffle House-Loxley,AL",30.650679,-87.767358,8
"Waffle House-Madison,AL",34.751579,-86.740991,5
"Waffle House-Madison,AL",34.675658,-86.754022,5
"Waffle House-Mobile,AL",30.662638,-88.190527,9
"Waffle House-Mobile,AL",30.634951,-88.089036,9
"Waffle House-Mobile,AL",30.67727,-88.082795,5
"Waffle House-Mobile,AL",30.641459,-88.224651,8
"Waffle House-Mobile,AL",30.676405,-88.115702,9
"Waffle House-Mobile,AL",30.689086,-88.122467,8
"Waffle House-Mobile,AL",30.703828,-88.125406,10
"Waffle House-Mobile,AL",30.675932,-88.131841,7
"Waffle House-Mobile,AL",30.649406,-88.126765,5
"Waffle House-Mobile,AL",30.649095,-88.158874,9
"Waffle House-Mobile,AL",30.586755,-88.169907,8
"Waffle House-Mobile,AL",30.678676,-88.225481,6
"Waffle House-Mobile,AL",30.689547,-88.17148,9
"Waffle House-Montgomery,AL",32.365052,-86.211951,10
"Waffle House-Montgomery,AL",32.364059,-86.270629,9
"Waffle House-Montgomery,AL",32.42003,-86.230605,7
"Waffle House-Montgomery,AL",32.3802757,-86.3048706,7
"Waffle House-Montgomery,AL",32.359824,-86.217286,8
"Waffle House-Montgomery,AL",32.381869,-86.206953,5
"Waffle House-Montgomery,AL",32.338738,-86.174423,7
"Waffle House-Montgomery,AL",32.268639,-86.357062,10
"Waffle House-Montgomery,AL",32.36612,-86.139617,10
"Waffle House-Montgomery,AL",32.326889,-86.33251,5
"Waffle House-Moody,AL",33.570829,-86.519783,6
"Waffle House-Northport,AL",33.239309,-87.577886,7
"Waffle House-Opelika,AL",32.616585,-85.405733,5
"Waffle House-Opelika,AL",32.644696,-85.354952,10
"Waffle House-Orange Beach,AL",30.267355,-87.596392,10
"Waffle House-Oxford,AL",33.6033127,-85.8322609,8
"Waffle House-Oxford,AL",33.615737,-85.827743,5
"Waffle House-Oxford,AL",33.613527,-85.78787,7
"Waffle House-Ozark,AL",31.449023,-85.659188,10
"Waffle House-Pelham,AL",33.28529,-86.812559,8
"Waffle House-Pelham,AL",33.297865,-86.810658,5
"Waffle House-Pell City,AL",33.602536,-86.282588,8
"Waffle House-Phenix City,AL",32.468253,-85.028439,5
"Waffle House-Phenix City,AL",32.486798,-85.018394,7
"Waffle House-Phenix City,AL",32.4972763,-85.0221405,7
"Waffle House-Phenix City,AL",32.496659,-85.015168,6
"Waffle House-Phenix City,AL",32.470023,-85.090215,6
"Waffle House-Pinson,AL",33.694202,-86.682081,5
"Waffle House-Prattville,AL",32.460426,-86.389679,5
"Waffle House-Prattville,AL",32.487205,-86.411017,5
"Waffle House-Robertsdale,AL",30.539637,-87.708351,5
"Waffle House-Saraland,AL",30.802315,-88.101566,9
"Waffle House-Saraland,AL",30.803321,-88.071893,6
"Waffle House-Satsuma,AL",30.870475,-88.046538,8
"Waffle House-Semmes,AL",30.763522,-88.225591,9
"Waffle House-Springville,AL",33.778977,-86.43007,9
"Waffle House-Summerdale,AL",30.471399,-87.701557,10
"Waffle House-Theodore,AL",30.574802,-88.170962,8
"Waffle House-Theodore,AL",30.560471,-88.206922,8
"Waffle House-Troy,AL",31.782534,-85.953257,6
"Waffle House-Trussville,AL",33.639607,-86.615771,9
"Waffle House-Tuscaloosa,AL",33.211069,-87.554648,7
"Waffle House-Tuscaloosa,AL",33.177825,-87.524648,8
"Waffle House-Tuscaloosa,AL",33.176447,-87.470757,10
"Waffle House-Tuscaloosa,AL",33.165991,-87.551787,7
"Waffle House-Tuscaloosa,AL",33.127149,-87.549124,5
"Waffle House-Tuscumbia,AL",34.712653,-87.667635,9
"Waffle House-Valley,AL",32.84645,-85.183826,10
"Waffle House-Valley,AL",32.8177,-85.207614,7
"Waffle House-Vestavia Hills,AL",33.415016,-86.805723,8
"Waffle House-Wetumpka,AL",32.528684,-86.205293,5
"Waffle House-Arkadelphia,AR",34.180355,-93.070735,6
"Waffle House-Beebe,AR",35.068951,-91.910215,3
"Waffle House-Benton,AR",34.575035,-92.590271,4
"Waffle House-Bentonville,AR",36.335123,-94.185659,5
"Waffle House-Brinkley,AR",34.903922,-91.198031,5
"Waffle House-Bryant,AR",34.620823,-92.498843,4
"Waffle House-Cabot,AR",34.976593,-92.027062,6
"Waffle House-Cabot,AR",34.946383,-92.061493,2
"Waffle House-Clarksville,AR",35.454272,-93.464966,2
"Waffle House-Conway,AR",35.091538,-92.420182,3
"Waffle House-Conway,AR",35.111467,-92.438389,3
"Waffle House-Fayetteville,AR",36.054624,-94.191499,5
"Waffle House-Fayetteville,AR",36.066494,-94.167041,3
"Waffle House-Forrest City,AR",35.031812,-90.789696,6
"Waffle House-Fort Smith,AR",35.298328,-94.388955,3
"Waffle House-Hope,AR",33.679389,-93.603671,6
"Waffle House-Hot Springs,AR",34.49211,-93.058303,1
"Waffle House-Hot Springs,AR",34.445704,-93.089923,3
"Waffle House-Jacksonville,AR",34.867974,-92.128359,2
"Waffle House-Jonesboro,AR",35.809312,-90.670645,5
"Waffle House-Jonesboro,AR",35.804969,-90.697759,5
"Waffle House-Little Rock,AR",34.761908,-92.31012,4
"Waffle House-Little Rock,AR",34.75493,-92.393889,4
"Waffle House-Little Rock,AR",34.714789,-92.223888,2
"Waffle House-Little Rock,AR",34.715843,-92.343605,3
"Waffle House-Little Rock,AR",34.750176,-92.407189,3
"Waffle House-Little Rock,AR",34.676345,-92.343904,1
"Waffle House-Lonoke,AR",34.8062499,-91.8901829,2
"Waffle House-Malvern,AR",34.392576,-92.829006,7
"Waffle House-Morrilton,AR",35.148041,-92.72028,7
"Waffle House-North Little Rock,AR",34.884136,-92.383396,8
"Waffle House-North Little Rock,AR",34.797166,-92.23761,1
"Waffle House-North Little Rock,AR",34.776586,-92.20085,6
"Waffle House-North Little Rock,AR",34.7958469,-92.2709607,7
"Waffle House-North Little Rock,AR",34.822905,-92.377354,6
"Waffle House-Paragould,AR",36.0598185,-90.5187044,3
"Waffle House-Russellville,AR",35.30395,-93.137878,7
"Waffle House-Russellville,AR",35.281806,-93.095996,8
"Waffle House-Searcy,AR",35.25042,-91.69356,5
"Waffle House-Sherwood,AR",34.81491,-92.203092,5
"Waffle House-Siloam Springs,AR",36.181106,-94.515003,7
"Waffle House-Springdale,AR",36.174384,-94.183563,9
"Waffle House-Van Buren,AR",35.460657,-94.356527,8
"Waffle House-West Memphis,AR",35.157005,-90.155533,1
"Waffle House-Apache Junction,AZ",33.388736,-111.54448,8
"Waffle House-Goodyear,AZ",33.453362,-112.341165,1
"Waffle House-Guadalupe,AZ",33.378147,-111.967049,10
"Waffle House-Mesa,AZ",33.381594,-111.840087,7
"Waffle House-Mesa,AZ",33.451846,-111.721526,5
"Waffle House-Phoenix,AZ",33.461801,-112.186293,7
"Waffle House-Phoenix,AZ",33.640028,-112.112582,3
"Waffle House-Phoenix,AZ",33.683799,-112.116493,7
"Waffle House-Phoenix,AZ",33.41561,-112.008459,2
"Waffle House-Phoenix,AZ",33.305368,-111.979031,2
"Waffle House-Tempe,AZ",33.421894,-111.892308,2
"Waffle House-Tolleson,AZ",33.465305,-112.23859,6
"Waffle House-Tucson,AZ",32.250467,-110.994924,8
"Waffle House-Tucson,AZ",32.134224,-110.931731,8
"Waffle House-Tucson,AZ",32.163209,-110.915732,2
"Waffle House-Tucson,AZ",32.337516,-111.063325,6
"Waffle House-Tucson,AZ",32.206756,-110.981038,2
"Waffle House-Aurora,CO",39.696552,-104.839956,1
"Waffle House-Castle Rock,CO",39.380209,-104.865371,3
"Waffle House-Colorado Springs,CO",38.847956,-104.722291,8
"Waffle House-Colorado Springs,CO",38.892421,-104.753396,5
"Waffle House-Colorado Springs,CO",38.876376,-104.836641,7
"Waffle House-Fort Collins,CO",40.581546,-105.004716,6
"Waffle House-Littleton,CO",39.566133,-104.985993,5
"Waffle House-Longmont,CO",40.160665,-104.986111,2
"Waffle House-Parker,CO",39.527196,-104.765797,1
"Waffle House-Thornton,CO",39.849304,-104.979316,3
"Waffle House-Dover,DE",39.105143,-75.540983,5
"Waffle House-Smyrna,DE",39.285058,-75.593069,2
"Waffle House-Alachua,FL",29.800604,-82.508011,7
"Waffle House-Altamonte Springs,FL",28.665056,-81.39035,6
"Waffle House-Apopka,FL",28.673112,-81.506615,5
"Waffle House-Baldwin,FL",30.282579,-81.983651,10
"Waffle House-Bonifay,FL",30.766325,-85.68416,2
"Waffle House-Bonita Springs,FL",26.330827,-81.751828,7
"Waffle House-Bradenton,FL",27.49458,-82.475976,2
"Waffle House-Brandon,FL",27.937828,-82.304693,2
"Waffle House-Brandon,FL",27.923369,-82.314878,6
"Waffle House-Brooksville,FL",28.523223,-82.234071,8
"Waffle House-Callaway,FL",30.153305,-85.591049,10
"Waffle House-Cantonment,FL",30.57802,-87.294787,6
"Waffle House-Casselberry,FL",28.6578691,-81.336198,3
"Waffle House-Chipley,FL",30.752127,-85.550689,3
"Waffle House-Clermont,FL",28.5468283,-81.7100061,5
"Waffle House-Clermont,FL",28.3580659,-81.6770679,6
"Waffle House-Cocoa Beach,FL",28.352436,-80.608728,3
"Waffle House-Cocoa,FL",28.359732,-80.792962,3
"Waffle House-Crestview,FL",30.762406,-86.576265,3
"Waffle House-Crestview,FL",30.722247,-86.569207,5
"Waffle House-Davenport,FL",28.236687,-81.652238,4
"Waffle House-Daytona Beach,FL",29.200093,-81.041995,8
"Waffle House-Defuniak Springs,FL",30.695283,-86.121976,5
"Waffle House-Deltona,FL",28.873071,-81.279778,2
"Waffle House-Destin,FL",30.386423,-86.468306,3
"Waffle House-Destin,FL",30.388171,-86.419963,2
"Waffle House-Destin,FL",30.394752,-86.507491,8
"Waffle House-Ellenton,FL",27.52725,-82.512895,7
"Waffle House-Fort Lauderdale,FL",26.089899,-80.227878,8
"Waffle House-Fort Lauderdale,FL",26.186643,-80.155108,7
"Waffle House-Fort Myers,FL",26.684437,-81.796317,4
"Waffle House-Fort Myers,FL",26.546882,-81.799256,1
"Waffle House-Ft Pierce,FL",27.417424,-80.384063,3
"Waffle House-Ft Pierce,FL",27.412857,-80.397843,3
"Waffle House-Ft Walton Beach,FL",30.466905,-86.64357,5
"Waffle House-Ft Walton Beach,FL",30.403314,-86.603436,8
"Waffle House-Ft Walton Beach,FL",30.406499,-86.632928,7
"Waffle House-Ft Walton Beach,FL",30.441665,-86.598621,9
"Waffle House-Gainesville,FL",29.618072,-82.383187,10
"Waffle House-Gainesville,FL",29.7017879,-82.3424911,8
"Waffle House-Gainesville,FL",29.659641,-82.424093,8
"Waffle House-Gulf Breeze,FL",30.387257,-87.084573,2
"Waffle House-Gulf Breeze,FL",30.357745,-87.164452,1
"Waffle House-Jacksonville Beach,FL",30.288292,-81.392701,3
"Waffle House-Jacksonville,FL",30.323777,-81.529995,6
"Waffle House-Jacksonville,FL",30.4819,-81.647309,1
"Waffle House-Jacksonville,FL",30.4486024,-81.7038585,4
"Waffle House-Jacksonville,FL",30.2879092,-81.4500142,7
"Waffle House-Jacksonville,FL",30.286035,-81.720164,8
"Waffle House-Jacksonville,FL",30.245403,-81.598487,8
"Waffle House-Jacksonville,FL",30.42995,-81.6542,6
"Waffle House-Jacksonville,FL",30.335796,-81.759187,7
"Waffle House-Jacksonville,FL",30.299902,-81.7660253,1
"Waffle House-Jacksonville,FL",30.3521032,-81.5697748,2
"Waffle House-Jacksonville,FL",30.2480657,-81.77856,1
"Waffle House-Key Largo,FL",25.100448,-80.434188,7
"Waffle House-Kissimmee,FL",28.305834,-81.416105,1
"Waffle House-Kissimmee,FL",28.325746,-81.470163,7
"Waffle House-Kissimmee,FL",28.332988,-81.499902,2
"Waffle House-Kissimmee,FL",28.333133,-81.524254,7
"Waffle House-Lake City,FL",30.180269,-82.681101,4
"Waffle House-Lake City,FL",30.179523,-82.691869,8
"Waffle House-Lakeland,FL",28.083377,-81.96844,8
"Waffle House-Lakeland,FL",28.095524,-81.952201,2
"Waffle House-Leesburg,FL",28.8266,-81.79903,2
"Waffle House-Live Oak,FL",30.327965,-82.964655,8
"Waffle House-Lynn Haven,FL",30.219613,-85.649506,4
"Waffle House-Macclenny,FL",30.262194,-82.122854,8
"Waffle House-Madison,FL",30.397625,-83.357252,5
"Waffle House-Marianna,FL",30.725986,-85.185537,7
"Waffle House-Marianna,FL",30.781879,-85.245881,6
"Waffle House-Mary Esther,FL",30.411824,-86.743266,5
"Waffle House-Melbourne,FL",28.078875,-80.704529,7
"Waffle House-Midway,FL",30.485879,-84.425322,3
"Waffle House-Milton,FL",30.531423,-87.087162,5
"Waffle House-Milton,FL",30.619504,-87.049766,1
"Waffle House-Milton,FL",30.621199,-86.965594,2
"Waffle House-Miramar Beach,FL",30.376101,-86.350408,5
"Waffle House-Mount Dora,FL",28.823555,-81.645895,3
"Waffle House-Naples,FL",26.155672,-81.684913,4
"Waffle House-Naples,FL",26.210558,-81.740878,6
"Waffle House-Navarre,FL",30.401588,-86.863805,5
"Waffle House-New Port Richey,FL",28.253561,-82.7276288,6
"Waffle House-Niceville,FL",30.482583,-86.415249,2
"Waffle House-Niceville,FL",30.519575,-86.481916,3
"Waffle House-Ocala,FL",29.025646,-82.160682,6
"Waffle House-Ocala,FL",29.186684,-82.1787107,9
"Waffle House-Ocala,FL",29.147606,-82.187891,5
"Waffle House-Ocala,FL",29.186663,-82.187211,7
"Waffle House-Orange Park,FL",30.188673,-81.702993,5
"Waffle House-Orange Park,FL",30.1644897,-81.7476501,5
"Waffle House-Orlando,FL",28.567051,-81.208655,8
"Waffle House-Orlando,FL",28.379881,-81.504927,2
"Waffle House-Orlando,FL",28.451037,-81.357348,6
"Waffle House-Orlando,FL",28.5204906,-81.3097458,8
"Waffle House-Orlando,FL",28.484884,-81.459006,6
"Waffle House-Orlando,FL",28.552072,-81.475423,3
"Waffle House-Orlando,FL",28.436593,-81.404468,7
"Waffle House-Ormond Beach,FL",29.334667,-81.12962,6
"Waffle House-Pace,FL",30.594022,-87.178171,2
"Waffle House-Pace,FL",30.603493,-87.120018,3
"Waffle House-Palm Bay,FL",27.998563,-80.633675,7
"Waffle House-Panama City Beach,FL",30.177942,-85.805421,2
"Waffle House-Panama City Beach,FL",30.183781,-85.817374,5
"Waffle House-Panama City Beach,FL",30.195471,-85.80976,3
"Waffle House-Panama City Beach,FL",30.230613,-85.889029,7
"Waffle House-Panama City Beach,FL",30.264343,-85.97283,2
"Waffle House-Panama City Beach,FL",30.156839,-85.772648,2
"Waffle House-Panama City,FL",30.183199,-85.650065,2
"Waffle House-Panama City,FL",30.1624341,-85.7548108,2
"Waffle House-Panama City,FL",30.175181,-85.667218,1
"Waffle House-Pensacola,FL",30.359209,-87.362127,3
"Waffle House-Pensacola,FL",30.282046,-87.516432,8
"Waffle House-Pensacola,FL",30.532027,-87.220661,6
"Waffle House-Pensacola,FL",30.448128,-87.256636,1
"Waffle House-Pensacola,FL",30.461068,-87.300606,7
"Waffle House-Pensacola,FL",30.41722,-87.205537,7
"Waffle House-Pensacola,FL",30.436862,-87.278741,8
"Waffle House-Pensacola,FL",30.406974,-87.276646,3
"Waffle House-Pensacola,FL",30.488973,-87.196443,8
"Waffle House-Pensacola,FL",30.492801,-87.261621,4
"Waffle House-Pensacola,FL",30.502165,-87.221763,5
"Waffle House-Pensacola,FL",30.506644,-87.221607,7
"Waffle House-Pensacola,FL",30.51117,-87.270172,1
"Waffle House-Pensacola,FL",30.533094,-87.272549,3
"Waffle House-Pensacola,FL",30.520438,-87.314674,6
"Waffle House-Pensacola,FL",30.403186,-87.340084,6
"Waffle House-Plant City,FL",28.02551,-82.149833,6
"Waffle House-Port Charlotte,FL",27.017464,-82.049376,1
"Waffle House-Punta Gorda,FL",26.89338,-82.019129,7
"Waffle House-Saint Augustine,FL",30.064935,-81.495798,6
"Waffle House-Sarasota,FL",27.269281,-82.455505,3
"Waffle House-Seffner,FL",27.981648,-82.30911,5
"Waffle House-Shalimar,FL",30.439742,-86.583221,6
"Waffle House-Southwest Ranches,FL",26.061646,-80.346101,5
"Waffle House-St Petersburg Bch,FL",27.739306,-82.749711,2
"Waffle House-St Petersburg,FL",27.821193,-82.667039,4
"Waffle House-Tallahassee,FL",30.474,-84.363143,8
"Waffle House-Tallahassee,FL",30.448938,-84.315581,7
"Waffle House-Tallahassee,FL",30.483548,-84.162158,8
"Waffle House-Tallahassee,FL",30.48631,-84.315209,8
"Waffle House-Tallahassee,FL",30.506944,-84.25003,10
"Waffle House-Tallahassee,FL",30.428118,-84.216177,6
"Waffle House-Tallahassee,FL",30.426656,-84.352863,10
"Waffle House-Tampa,FL",27.949235,-82.52417,1
"Waffle House-Tampa,FL",28.004786,-82.356121,2
"Waffle House-Tampa,FL",28.054516,-82.44966,4
"Waffle House-Tarpon Springs,FL",28.136316,-82.740314,2
"Waffle House-Titusville,FL",28.552653,-80.848932,2
"Waffle House-Treasure Island,FL",27.771988,-82.77204,8
"Waffle House-Wesley Chapel,FL",28.235381,-82.352109,5
"Waffle House-Wildwood,FL",28.87239,-82.089636,5
"Waffle House-Acworth,GA",34.081955,-84.65465,7
"Waffle House-Acworth,GA",34.000414,-84.704073,8
"Waffle House-Acworth,GA",34.034899,-84.679145,10
"Waffle House-Acworth,GA",34.076174,-84.652734,9
"Waffle House-Acworth,GA",34.078471,-84.676401,6
"Waffle House-Acworth,GA",34.087328,-84.576863,10
"Waffle House-Adairsville,GA",34.376978,-84.91667,5
"Waffle House-Adel,GA",31.134507,-83.435808,9
"Waffle House-Albany,GA",31.5925732,-84.2029572,9
"Waffle House-Albany,GA",31.570771,-84.107076,7
"Waffle House-Albany,GA",31.616962,-84.222709,8
"Waffle House-Alpharetta,GA",34.08535,-84.359189,7
"Waffle House-Alpharetta,GA",34.110778,-84.220001,9
"Waffle House-Alpharetta,GA",33.99162,-84.278344,6
"Waffle House-Alpharetta,GA",34.037521,-84.296644,6
"Waffle House-Alpharetta,GA",34.068702,-84.267842,9
"Waffle House-Alpharetta,GA",34.06622,-84.310374,7
"Waffle House-Americus,GA",32.060998,-84.204571,8
"Waffle House-Ashburn,GA",31.710728,-83.640108,9
"Waffle House-Athens,GA",33.938868,-83.386409,6
"Waffle House-Athens,GA",33.947986,-83.358392,5
"Waffle House-Athens,GA",33.957967,-83.377706,5
"Waffle House-Athens,GA",33.951736,-83.408995,6
"Waffle House-Athens,GA",33.926353,-83.339821,6
"Waffle House-Athens,GA",33.924341,-83.378542,6
"Waffle House-Athens,GA",33.986437,-83.345708,5
"Waffle House-Athens,GA",33.889109,-83.413506,5
"Waffle House-Atlanta,GA",33.751405,-84.38542,10
"Waffle House-Atlanta,GA",33.759637,-84.383687,5
"Waffle House-Atlanta,GA",33.800664,-84.415887,7
"Waffle House-Atlanta,GA",33.800988,-84.407818,5
"Waffle House-Atlanta,GA",33.8108231,-84.4761689,5
"Waffle House-Atlanta,GA",33.817129,-84.352118,8
"Waffle House-Atlanta,GA",33.825317,-84.367173,10
"Waffle House-Atlanta,GA",33.885694,-84.471602,9
"Waffle House-Atlanta,GA",33.830791,-84.343467,6
"Waffle House-Atlanta,GA",33.879563,-84.273821,10
"Waffle House-Atlanta,GA",33.841544,-84.313724,8
"Waffle House-Atlanta,GA",33.747086,-84.290902,8
"Waffle House-Atlanta,GA",33.837177,-84.368132,10
"Waffle House-Atlanta,GA",33.857576,-84.381631,6
"Waffle House-Atlanta,GA",33.65292,-84.393399,5
"Waffle House-Atlanta,GA",33.861051,-84.339505,9
"Waffle House-Atlanta,GA",33.619366,-84.538027,7
"Waffle House-Atlanta,GA",33.923558,-84.314635,5
"Waffle House-Atlanta,GA",33.900984,-84.379639,7
"Waffle House-Atlanta,GA",33.905488,-84.431248,6
"Waffle House-Atlanta,GA",33.728791,-84.572248,5
"Waffle House-Atlanta,GA",33.776193,-84.385171,8
"Waffle House-Atlanta,GA",33.753102,-84.391171,9
"Waffle House-Atlanta,GA",33.7356606,-84.3878784,9
"Waffle House-Auburn,GA",34.010463,-83.842151,7
"Waffle House-Augusta,GA",33.482328,-82.08787,10
"Waffle House-Augusta,GA",33.439137,-82.016901,10
"Waffle House-Augusta,GA",33.451575,-82.063128,5
"Waffle House-Augusta,GA",33.521815,-82.024801,8
"Waffle House-Augusta,GA",33.511716,-82.040327,5
"Waffle House-Augusta,GA",33.512925,-82.049201,5
"Waffle House-Augusta,GA",33.409854,-82.026797,6
"Waffle House-Augusta,GA",33.421945,-82.06244,8
"Waffle House-Augusta,GA",33.39902,-82.005625,7
"Waffle House-Augusta,GA",33.468069,-82.076729,10
"Waffle House-Augusta,GA",33.478768,-82.129501,9
"Waffle House-Augusta,GA",33.485424,-82.133008,5
"Waffle House-Austell,GA",33.7771,-84.559959,7
"Waffle House-Barnesville,GA",33.0526199,-84.1395035,7
"Waffle House-Blairsville,GA",34.880318,-83.954796,7
"Waffle House-Blue Ridge,GA",34.83678,-84.340959,8
"Waffle House-Bogart,GA",33.941898,-83.500986,6
"Waffle House-Braselton,GA",34.11763,-83.762279,7
"Waffle House-Bremen,GA",33.690697,-85.149801,5
"Waffle House-Brunswick,GA",31.245275,-81.505709,8
"Waffle House-Brunswick,GA",31.139634,-81.581456,5
"Waffle House-Brunswick,GA",31.1935068,-81.4857955,7
"Waffle House-Brunswick,GA",31.2182763,-81.5197436,10
"Waffle House-Brunswick,GA",31.224271,-81.526011,7
"Waffle House-Buford,GA",34.097656,-84.01165,6
"Waffle House-Buford,GA",34.0519255,-83.9943241,8
"Waffle House-Buford,GA",34.068294,-83.986212,8
"Waffle House-Buford,GA",34.094551,-83.936287,10
"Waffle House-Buford,GA",34.091881,-84.00057,10
"Waffle House-Buford,GA",34.141556,-83.952317,7
"Waffle House-Byron,GA",32.614249,-83.739795,8
"Waffle House-Byron,GA",32.657138,-83.748269,6
"Waffle House-Byron,GA",32.660492,-83.74291,6
"Waffle House-Calhoun,GA",34.5123596,-84.9173813,8
"Waffle House-Calhoun,GA",34.4800202,-84.9406873,7
"Waffle House-Canton,GA",34.258888,-84.463592,5
"Waffle House-Canton,GA",34.222003,-84.504776,7
"Waffle House-Canton,GA",34.227437,-84.509544,10
"Waffle House-Canton,GA",34.176111,-84.419136,7
"Waffle House-Canton,GA",34.254122,-84.35955,8
"Waffle House-Carrollton,GA",33.598774,-85.079059,9
"Waffle House-Carrollton,GA",33.57164,-85.091016,10
"Waffle House-Carrollton,GA",33.596755,-85.035451,7
"Waffle House-Carrollton,GA",33.567055,-85.077643,6
"Waffle House-Cartersville,GA",34.17213,-84.828802,10
"Waffle House-Cartersville,GA",34.207527,-84.821219,7
"Waffle House-Cartersville,GA",34.176844,-84.786368,7
"Waffle House-Cartersville,GA",34.204982,-84.764337,5
"Waffle House-Cartersville,GA",34.157548,-84.815942,5
"Waffle House-Cedartown,GA",34.016256,-85.254241,9
"Waffle House-Centerville,GA",32.618385,-83.680999,6
"Waffle House-Chamblee,GA",33.888053,-84.313865,5
"Waffle House-Clayton,GA",34.87011,-83.400674,9
"Waffle House-College Park,GA",33.659212,-84.435564,9
"Waffle House-College Park,GA",33.62421,-84.474244,8
"Waffle House-College Park,GA",33.619085,-84.473139,7
"Waffle House-College Park,GA",33.605428,-84.435042,8
"Waffle House-Columbus,GA",32.47108,-84.98757,6
"Waffle House-Columbus,GA",32.53237,-84.967075,10
"Waffle House-Columbus,GA",32.522802,-84.979451,7
"Waffle House-Columbus,GA",32.48417,-84.93784,6
"Waffle House-Columbus,GA",32.463146,-84.926384,9
"Waffle House-Columbus,GA",32.4064102,-84.9365463,8
"Waffle House-Columbus,GA",32.523497,-84.888287,10
"Waffle House-Columbus,GA",32.538113,-84.869759,8
"Waffle House-Columbus,GA",32.542324,-84.9543,7
"Waffle House-Commerce,GA",34.252312,-83.461755,7
"Waffle House-Conyers,GA",33.592954,-84.014348,10
"Waffle House-Conyers,GA",33.666332,-84.026576,10
"Waffle House-Conyers,GA",33.640543,-84.015652,8
"Waffle House-Conyers,GA",33.63754,-84.014309,10
"Waffle House-Conyers,GA",33.630449,-83.977993,7
"Waffle House-Conyers,GA",33.683477,-84.061904,6
"Waffle House-Cordele,GA",31.951468,-83.783056,6
"Waffle House-Cordele,GA",31.9344,-83.751319,6
"Waffle House-Cornelia,GA",34.51167,-83.546728,9
"Waffle House-Cornelia,GA",34.53006,-83.530918,8
"Waffle House-Covington,GA",33.616814,-83.843065,9
"Waffle House-Covington,GA",33.608346,-83.827921,7
"Waffle House-Covington,GA",33.62919,-83.938989,10
"Waffle House-Covington,GA",33.577512,-83.968324,5
"Waffle House-Covington,GA",33.6024,-83.843255,7
"Waffle House-Covington,GA",33.599875,-83.834769,7
"Waffle House-Cumming,GA",34.253045,-84.088093,8
"Waffle House-Cumming,GA",34.155464,-84.172934,5
"Waffle House-Cumming,GA",34.221642,-84.154223,5
"Waffle House-Cumming,GA",34.163787,-84.176132,6
"Waffle House-Cumming,GA",34.179677,-84.133478,5
"Waffle House-Dacula,GA",33.984685,-83.92469,9
"Waffle House-Dacula,GA",33.97464,-83.892164,10
"Waffle House-Dacula,GA",34.0063501,-83.9138062,5
"Waffle House-Dahlonega,GA",34.469431,-83.96697,6
"Waffle House-Dallas,GA",33.907146,-84.824,7
"Waffle House-Dallas,GA",33.956227,-84.787336,8
"Waffle House-Dallas,GA",33.934492,-84.724342,8
"Waffle House-Dallas,GA",33.8101613,-84.8884928,5
"Waffle House-Dallas,GA",34.009417,-84.755766,5
"Waffle House-Dalton,GA",34.688477,-85.000191,9
"Waffle House-Dalton,GA",34.800639,-84.961777,10
"Waffle House-Dalton,GA",34.760886,-84.999471,7
"Waffle House-Dalton,GA",34.795762,-84.995385,7
"Waffle House-Dalton,GA",34.763433,-84.930698,10
"Waffle House-Dawsonville,GA",34.366582,-84.036218,7
"Waffle House-Dawsonville,GA",34.361548,-84.034498,8
"Waffle House-Decatur,GA",33.7543793,-84.2664795,6
"Waffle House-Decatur,GA",33.714031,-84.216334,10
"Waffle House-Decatur,GA",33.775267,-84.273272,5
"Waffle House-Decatur,GA",33.750274,-84.227764,8
"Waffle House-Decatur,GA",33.6838875,-84.2324142,10
"Waffle House-Decatur,GA",33.785924,-84.234553,5
"Waffle House-Decatur,GA",33.799224,-84.280293,5
"Waffle House-Doraville,GA",33.922288,-84.281131,5
"Waffle House-Doraville,GA",33.901432,-84.275679,8
"Waffle House-Doraville,GA",33.904795,-84.271903,7
"Waffle House-Douglasville,GA",33.70423,-84.658329,9
"Waffle House-Douglasville,GA",33.729031,-84.737121,9
"Waffle House-Douglasville,GA",33.817969,-84.811468,6
"Waffle House-Douglasville,GA",33.75096,-84.732595,9
"Waffle House-Douglasville,GA",33.730146,-84.759784,5
"Waffle House-Douglasville,GA",33.725814,-84.762122,5
"Waffle House-Dublin,GA",32.542001,-82.955776,6
"Waffle House-Dublin,GA",32.490378,-82.933107,6
"Waffle House-Duluth,GA",34.01626,-84.095429,5
"Waffle House-Duluth,GA",33.95014,-84.128532,10
"Waffle House-Duluth,GA",33.977006,-84.093566,5
"Waffle House-Duluth,GA",33.953472,-84.140769,6
"Waffle House-E Ellijay,GA",34.680684,-84.474148,5
"Waffle House-East Point,GA",33.659007,-84.429436,8
"Waffle House-East Point,GA",33.67555,-84.443261,10
"Waffle House-Eastanollee,GA",34.549395,-83.281605,5
"Waffle House-Eatonton,GA",33.421975,-83.268073,5
"Waffle House-Ellenwood,GA",33.619294,-84.242624,10
"Waffle House-Ellenwood,GA",33.612479,-84.300632,10
"Waffle House-Ellenwood,GA",33.633743,-84.289935,8
"Waffle House-Evans,GA",33.523117,-82.1418,7
"Waffle House-Evans,GA",33.534995,-82.126554,9
"Waffle House-Fairburn,GA",33.6125656,-84.6122012,8
"Waffle House-Fairburn,GA",33.54454,-84.577029,5
"Waffle House-Fairburn,GA",33.573638,-84.596191,6
"Waffle House-Fayetteville,GA",33.46197,-84.450973,6
"Waffle House-Fayetteville,GA",33.408534,-84.458052,7
"Waffle House-Fayetteville,GA",33.448583,-84.484117,5
"Waffle House-Flowery Branch,GA",34.198828,-83.923575,10
"Waffle House-Flowery Branch,GA",34.107489,-83.873496,6
"Waffle House-Forest Park,GA",33.619208,-84.385795,10
"Waffle House-Forsyth,GA",33.041671,-83.938311,5
"Waffle House-Forsyth,GA",33.034679,-83.924154,10
"Waffle House-Ft. Oglethorpe,GA",34.953278,-85.248369,7
"Waffle House-Gainesville,GA",34.263831,-83.816716,7
"Waffle House-Gainesville,GA",34.28215,-83.801069,10
"Waffle House-Gainesville,GA",34.3315331,-83.8085859,5
"Waffle House-Gainesville,GA",34.279195,-83.875472,9
"Waffle House-Gainesville,GA",34.295202,-83.850932,6
"Waffle House-Garden City,GA",32.104456,-81.150804,10
"Waffle House-Gray,GA",33.004166,-83.547811,8
"Waffle House-Greensboro,GA",33.549954,-83.201889,6
"Waffle House-Griffin,GA",33.247352,-84.288242,7
"Waffle House-Griffin,GA",33.280777,-84.291778,10
"Waffle House-Griffin,GA",33.167759,-84.303332,7
"Waffle House-Grovetown,GA",33.487273,-82.199847,9
"Waffle House-Hampton,GA",33.381817,-84.301759,5
"Waffle House-Hampton,GA",33.450036,-84.325384,10
"Waffle House-Hapeville,GA",33.65894,-84.416592,6
"Waffle House-Hephzibah,GA",33.340657,-82.084776,10
"Waffle House-Hinesville,GA",33.613113,-84.349174,8
"Waffle House-Hinesville,GA",31.851972,-81.581711,7
"Waffle House-Hiram,GA",33.892303,-84.754524,6
"Waffle House-Hogansville,GA",33.159463,-84.872154,7
"Waffle House-Hoschton,GA",34.093241,-83.808982,7
"Waffle House-Jackson,GA",33.20339,-84.063579,5
"Waffle House-Jasper,GA",34.398112,-84.415315,5
"Waffle House-Jasper,GA",34.465529,-84.460191,8
"Waffle House-Jefferson,GA",34.152098,-83.643317,7
"Waffle House-Jefferson,GA",34.141191,-83.663974,10
"Waffle House-Jesup,GA",31.616249,-81.875094,10
"Waffle House-Johns Creek,GA",34.044899,-84.224669,9
"Waffle House-Johns Creek,GA",34.01611,-84.190706,6
"Waffle House-Jonesboro,GA",33.581129,-84.375946,8
"Waffle House-Jonesboro,GA",33.51622,-84.363272,6
"Waffle House-Kennesaw,GA",34.056263,-84.592089,10
"Waffle House-Kennesaw,GA",34.0050995,-84.6031286,7
"Waffle House-Kennesaw,GA",34.033571,-84.580281,6
"Waffle House-Kennesaw,GA",34.056273,-84.556854,7
"Waffle House-Kingsland,GA",30.792545,-81.66452,6
"Waffle House-Kingsland,GA",30.780618,-81.626681,5
"Waffle House-Lagrange,GA",33.04236,-84.979841,7
"Waffle House-Lagrange,GA",32.985842,-85.029548,8
"Waffle House-Lagrange,GA",32.960567,-84.949875,5
"Waffle House-Lake City,GA",31.8412462,-81.6007765,8
"Waffle House-Lake Park,GA",30.673406,-83.216366,7
"Waffle House-Lavonia,GA",34.443879,-83.115146,10
"Waffle House-Lawrenceville,GA",33.963038,-84.038795,8
"Waffle House-Lawrenceville,GA",33.900159,-84.005571,7
"Waffle House-Lawrenceville,GA",33.954473,-83.988195,8
"Waffle House-Lawrenceville,GA",33.939007,-84.034418,5
"Waffle House-Lawrenceville,GA",33.925803,-84.114549,8
"Waffle House-Lawrenceville,GA",33.988135,-83.984362,9
"Waffle House-Leesburg,GA",31.628409,-84.176902,5
"Waffle House-Lilburn,GA",33.906283,-84.111449,7
"Waffle House-Lilburn,GA",33.897825,-84.140865,10
"Waffle House-Lithia Springs,GA",33.788493,-84.621384,5
"Waffle House-Lithia Springs,GA",33.779897,-84.607125,6
"Waffle House-Lithonia,GA",33.72398,-84.167305,10
"Waffle House-Lithonia,GA",33.705448,-84.169632,10
"Waffle House-Lithonia,GA",33.699207,-84.118059,6
"Waffle House-Lithonia,GA",33.775105,-84.074222,10
"Waffle House-Locust Grove,GA",33.353427,-84.123299,6
"Waffle House-Loganville,GA",33.738447,-83.863925,5
"Waffle House-Loganville,GA",33.880599,-83.937351,7
"Waffle House-Loganville,GA",33.84292,-83.908499,10
"Waffle House-Lula,GA",34.394779,-83.691975,10
"Waffle House-Mableton,GA",33.8137741,-84.5503082,9
"Waffle House-Mableton,GA",33.817376,-84.575274,6
"Waffle House-Macon,GA",32.86141,-83.613819,10
"Waffle House-Macon,GA",32.874324,-83.663453,6
"Waffle House-Macon,GA",32.89956,-83.68448,8
"Waffle House-Macon,GA",32.906153,-83.687213,6
"Waffle House-Macon,GA",32.790828,-83.66852,9
"Waffle House-Macon,GA",32.785899,-83.667204,8
"Waffle House-Macon,GA",32.742895,-83.71388,5
"Waffle House-Macon,GA",32.806257,-83.569007,9
"Waffle House-Macon,GA",32.808178,-83.723754,6
"Waffle House-Macon,GA",32.832184,-83.729722,10
"Waffle House-Macon,GA",32.87996,-83.765798,9
"Waffle House-Macon,GA",32.842722,-83.629319,9
"Waffle House-Madison,GA",33.615135,-83.450114,6
"Waffle House-Madison,GA",33.552483,-83.473625,8
"Waffle House-Marietta,GA",33.919056,-84.548641,7
"Waffle House-Marietta,GA",33.918779,-84.581833,9
"Waffle House-Marietta,GA",34.014083,-84.555488,8
"Waffle House-Marietta,GA",33.997401,-84.531674,8
"Waffle House-Marietta,GA",33.901088,-84.477737,9
"Waffle House-Marietta,GA",33.867246,-84.631707,10
"Waffle House-Marietta,GA",33.924028,-84.470339,7
"Waffle House-Marietta,GA",33.9378,-84.613651,6
"Waffle House-Marietta,GA",33.863729,-84.595498,7
"Waffle House-Marietta,GA",34.0678406,-84.5218582,6
"Waffle House-Marietta,GA",33.963516,-84.494557,8
"Waffle House-Marietta,GA",33.964426,-84.411757,7
"Waffle House-Marietta,GA",33.951895,-84.571215,10
"Waffle House-Marietta,GA",33.929547,-84.509153,9
"Waffle House-Mcdonough,GA",33.407942,-84.166562,9
"Waffle House-Mcdonough,GA",33.449282,-84.178388,5
"Waffle House-Mcdonough,GA",33.425273,-84.183303,9
"Waffle House-Mcdonough,GA",33.506181,-84.141472,10
"Waffle House-Mcdonough,GA",33.452943,-84.166678,6
"Waffle House-Metter,GA",32.37855,-82.062085,5
"Waffle House-Milledgeville,GA",33.099251,-83.246184,10
"Waffle House-Milledgeville,GA",33.184242,-83.290369,10
"Waffle House-Monroe,GA",33.81564,-83.729249,8
"Waffle House-Monroe,GA",33.806535,-83.719539,8
"Waffle House-Monroe,GA",33.796013,-83.743625,7
"Waffle House-Morrow,GA",33.571488,-84.337009,8
"Waffle House-Morrow,GA",33.562175,-84.32043,9
"Waffle House-Morrow,GA",33.58133,-84.339934,8
"Waffle House-Morrow,GA",33.557366,-84.346211,7
"Waffle House-Moultrie,GA",31.176642,-83.762232,10
"Waffle House-Moultrie,GA",31.1900675,-83.7620723,10
"Waffle House-Newnan,GA",33.396903,-84.744606,9
"Waffle House-Newnan,GA",33.327855,-84.779934,10
"Waffle House-Newnan,GA",33.409422,-84.686277,10
"Waffle House-Newnan,GA",33.385854,-84.817825,5
"Waffle House-Newnan,GA",33.44693,-84.696348,5
"Waffle House-Norcross,GA",33.921783,-84.171048,9
"Waffle House-Norcross,GA",33.929863,-84.17879,10
"Waffle House-Norcross,GA",33.94327,-84.246939,5
"Waffle House-Norcross,GA",33.943476,-84.205553,6
"Waffle House-Norcross,GA",33.920981,-84.211139,9
"Waffle House-Norcross,GA",33.915484,-84.208089,6
"Waffle House-Norcross,GA",33.94508,-84.240921,9
"Waffle House-Oakwood,GA",34.228069,-83.865577,10
"Waffle House-Oakwood,GA",34.252081,-83.89043,8
"Waffle House-Palmetto,GA",33.527843,-84.662196,8
"Waffle House-Peachtree City,GA",33.395459,-84.58848,10
"Waffle House-Peachtree City,GA",33.420751,-84.558759,9
"Waffle House-Perry,GA",32.446932,-83.75246,5
"Waffle House-Perry,GA",32.470634,-83.742244,8
"Waffle House-Pooler,GA",32.112423,-81.237995,6
"Waffle House-Port Wentworth,GA",32.187297,-81.193409,10
"Waffle House-Powder Springs,GA",33.87652,-84.703464,5
"Waffle House-Powder Springs,GA",33.858802,-84.674122,6
"Waffle House-Rex,GA",33.577387,-84.280391,8
"Waffle House-Richmond Hill,GA",31.929512,-81.328947,9
"Waffle House-Richmond Hill,GA",31.923977,-81.333428,10
"Waffle House-Rincon,GA",32.251212,-81.213324,8
"Waffle House-Ringgold,GA",34.890537,-85.073626,7
"Waffle House-Ringgold,GA",34.913334,-85.147699,5
"Waffle House-Riverdale,GA",33.576455,-84.412155,7
"Waffle House-Riverdale,GA",33.548666,-84.412746,5
"Waffle House-Rockmart,GA",34.009581,-85.04319,9
"Waffle House-Rome,GA",34.268669,-85.213371,6
"Waffle House-Rome,GA",34.222443,-85.147447,7
"Waffle House-Rome,GA",34.179056,-85.206274,7
"Waffle House-Roswell,GA",34.020273,-84.317981,9
"Waffle House-Roswell,GA",34.067515,-84.425259,7
"Waffle House-Roswell,GA",34.023047,-84.326501,6
"Waffle House-Sandersville,GA",32.9815,-82.810657,5
"Waffle House-Sandy Springs,GA",33.981613,-84.3492,7
"Waffle House-Sandy Springs,GA",33.9309998,-84.3791733,5
"Waffle House-Savannah,GA",31.992654,-81.12952,10
"Waffle House-Savannah,GA",31.985536,-81.21856,9
"Waffle House-Savannah,GA",32.071869,-81.200798,8
"Waffle House-Savannah,GA",32.0703256,-81.05836,10
"Waffle House-Savannah,GA",32.004779,-81.280744,10
"Waffle House-Savannah,GA",32.052976,-81.145228,6
"Waffle House-Savannah,GA",32.009478,-81.114817,8
"Waffle House-Savannah,GA",32.139828,-81.235801,5
"Waffle House-Smyrna,GA",33.839857,-84.518643,6
"Waffle House-Smyrna,GA",33.872645,-84.529709,7
"Waffle House-Smyrna,GA",33.844741,-84.489904,7
"Waffle House-Snellville,GA",33.856218,-83.995451,9
"Waffle House-Snellville,GA",33.857077,-84.021327,10
"Waffle House-Snellville,GA",33.811805,-84.042399,6
"Waffle House-Snellville,GA",33.84435,-84.055369,8
"Waffle House-St Simons Island,GA",31.160231,-81.390639,6
"Waffle House-Statesboro,GA",32.435011,-81.78485,7
"Waffle House-Statesboro,GA",32.4400648,-81.7649323,7
"Waffle House-Statham,GA",33.96475,-83.597517,6
"Waffle House-Stockbridge,GA",33.505734,-84.226611,9
"Waffle House-Stockbridge,GA",33.501657,-84.243388,9
"Waffle House-Stockbridge,GA",33.583101,-84.149264,9
"Waffle House-Stockbridge,GA",33.54716,-84.250857,5
"Waffle House-Stockbridge,GA",33.548275,-84.276763,6
"Waffle House-Stone Mountain,GA",33.823516,-84.11848,7
"Waffle House-Stone Mountain,GA",33.801578,-84.194865,7
"Waffle House-Suwanee,GA",34.027801,-84.045914,8
"Waffle House-Suwanee,GA",34.09579,-84.176589,8
"Waffle House-Tallapoosa,GA",33.686505,-85.261964,7
"Waffle House-Temple,GA",33.722612,-85.028202,8
"Waffle House-Thomaston,GA",32.923452,-84.333477,9
"Waffle House-Thomasville,GA",30.857269,-83.946557,10
"Waffle House-Thomasville,GA",30.83513,-83.941584,5
"Waffle House-Thomson,GA",33.5099716,-82.5019684,6
"Waffle House-Thomson,GA",33.512714,-82.502381,5
"Waffle House-Tifton,GA",31.457958,-83.527839,7
"Waffle House-Tifton,GA",31.447419,-83.536413,8
"Waffle House-Tifton,GA",31.475076,-83.519472,10
"Waffle House-Tifton,GA",31.450858,-83.52327,10
"Waffle House-Tucker,GA",33.837956,-84.200906,10
"Waffle House-Tucker,GA",33.828785,-84.249639,10
"Waffle House-Tucker,GA",33.882471,-84.219681,10
"Waffle House-Tucker,GA",33.847094,-84.243917,8
"Waffle House-Tyrone,GA",33.479142,-84.589101,6
"Waffle House-Union City,GA",33.585595,-84.515089,6
"Waffle House-Union City,GA",33.566985,-84.53207,5
"Waffle House-Valdosta,GA",30.846791,-83.306315,7
"Waffle House-Valdosta,GA",30.843036,-83.327362,5
"Waffle House-Valdosta,GA",30.821286,-83.310353,9
"Waffle House-Valdosta,GA",30.874589,-83.291734,6
"Waffle House-Valdosta,GA",30.753336,-83.272454,7
"Waffle House-Valdosta,GA",30.9136605,-83.2600902,5
"Waffle House-Valdosta,GA",30.894641,-83.35607,6
"Waffle House-Villa Rica,GA",33.731201,-84.903536,9
"Waffle House-Villa Rica,GA",33.726885,-84.939971,10
"Waffle House-Villa Rica,GA",33.71959,-84.937873,6
"Waffle House-Warner Robins,GA",32.55227,-83.6894,9
"Waffle House-Warner Robins,GA",32.557911,-83.662245,7
"Waffle House-Warner Robins,GA",32.618212,-83.625829,9
"Waffle House-Warner Robins,GA",32.593888,-83.627813,7
"Waffle House-Winder,GA",33.991393,-83.72401,10
"Waffle House-Woodstock,GA",34.102692,-84.52817,10
"Waffle House-Woodstock,GA",34.08555,-84.537179,7
"Waffle House-Collinsville,IL",38.677453,-90.012326,5
"Waffle House-Granite City,IL",38.762144,-90.123039,3
"Waffle House-Anderson,IN",40.054514,-85.654342,5
"Waffle House-Avon,IN",39.763429,-86.357465,1
"Waffle House-Columbus,IN",39.2004043,-85.9528785,5
"Waffle House-Corydon,IN",38.235541,-86.127088,4
"Waffle House-Daleville,IN",40.120647,-85.542299,5
"Waffle House-Franklin,IN",39.482383,-86.017765,1
"Waffle House-Greendale,IN",39.121184,-84.849923,9
"Waffle House-Greenfield,IN",39.80927,-85.7698224,6
"Waffle House-Greenwood,IN",39.614342,-86.081469,8
"Waffle House-Indianapolis,IN",39.796907,-86.009391,3
"Waffle House-Indianapolis,IN",39.727393,-86.250244,4
"Waffle House-Indianapolis,IN",39.665443,-86.097846,2
"Waffle House-Indianapolis,IN",39.7278466,-86.0829496,7
"Waffle House-Indianapolis,IN",39.693725,-86.187925,1
"Waffle House-Jeffersonville,IN",38.2907787,-85.7278519,2
"Waffle House-Lawrence,IN",39.829847,-86.040535,2
"Waffle House-New Albany,IN",38.3466746,-85.7980366,9
"Waffle House-New Albany,IN",38.284281,-85.828104,6
"Waffle House-Pendleton,IN",39.990622,-85.843161,8
"Waffle House-Plainfield,IN",39.678349,-86.369857,3
"Waffle House-Scottsburg,IN",38.685155,-85.79107,7
"Waffle House-Sellersburg,IN",38.396948,-85.75772,7
"Waffle House-Shelbyville,IN",39.547284,-85.775548,4
"Waffle House-Taylorsville,IN",39.29572,-85.956429,3
"Waffle House-Bonner Springs,KS",39.09627,-94.88181,3
"Waffle House-Gardner,KS",38.810968,-94.889606,8
"Waffle House-Kansas City,KS",39.089541,-94.681126,3
"Waffle House-Olathe,KS",38.883652,-94.795498,4
"Waffle House-Shawnee,KS",38.992918,-94.71159,6
"Waffle House-Ashland,KY",38.388257,-82.715795,8
"Waffle House-Benton,KY",36.866891,-88.360308,3
"Waffle House-Bowling Green,KY",36.939533,-86.421363,6
"Waffle House-Bowling Green,KY",36.98058,-86.467206,4
"Waffle House-Bowling Green,KY",36.931458,-86.417414,7
"Waffle House-Calvert City,KY",37.003589,-88.32741,9
"Waffle House-Carrollton,KY",38.64949,-85.123326,5
"Waffle House-Catlettsburg,KY",38.384791,-82.608422,4
"Waffle House-Corbin,KY",36.917737,-84.132725,1
"Waffle House-Covington,KY",39.087582,-84.521126,6
"Waffle House-Dry Ridge,KY",38.681982,-84.598206,8
"Waffle House-Elizabethtown,KY",37.716006,-85.824402,8
"Waffle House-Erlanger,KY",39.029015,-84.617136,7
"Waffle House-Florence,KY",39.000793,-84.642504,5
"Waffle House-Florence,KY",38.982933,-84.644753,2
"Waffle House-Fort Wright,KY",39.0250301,-84.534692,8
"Waffle House-Frankfort,KY",38.178866,-84.814304,5
"Waffle House-Franklin,KY",36.669982,-86.558206,7
"Waffle House-Georgetown,KY",38.220337,-84.558326,3
"Waffle House-Georgetown,KY",38.274389,-84.553177,4
"Waffle House-Hebron,KY",39.076252,-84.711178,2
"Waffle House-Hopkinsville,KY",36.838512,-87.479761,8
"Waffle House-Jeffersontown,KY",38.218976,-85.539201,2
"Waffle House-Lagrange,KY",38.397502,-85.371664,4
"Waffle House-Lexington,KY",38.076858,-84.506826,8
"Waffle House-Lexington,KY",38.018727,-84.415624,5
"Waffle House-Lexington,KY",38.101852,-84.482438,1
"Waffle House-Lexington,KY",38.077914,-84.452481,1
"Waffle House-Lexington,KY",38.042022,-84.421135,5
"Waffle House-Lexington,KY",38.008303,-84.454211,6
"Waffle House-Lexington,KY",38.01607,-84.553276,8
"Waffle House-Lexington,KY",37.982813,-84.496124,4
"Waffle House-Lexington,KY",37.932837,-84.330691,6
"Waffle House-Lexington,KY",38.039804,-84.513711,3
"Waffle House-London,KY",37.149224,-84.11681,5
"Waffle House-Louisville,KY",38.10125,-85.870607,5
"Waffle House-Louisville,KY",38.088578,-85.666393,1
"Waffle House-Louisville,KY",38.242941,-85.512966,6
"Waffle House-Louisville,KY",38.157243,-85.713943,7
"Waffle House-Louisville,KY",38.300802,-85.542407,3
"Waffle House-Louisville,KY",38.219727,-85.623535,6
"Waffle House-Louisville,KY",38.202526,-85.833283,3
"Waffle House-Louisville,KY",38.198873,-85.686214,1
"Waffle House-Louisville,KY",38.17947,-85.717814,2
"Waffle House-Louisville,KY",38.135787,-85.580435,7
"Waffle House-Louisville,KY",38.225778,-85.579739,1
"Waffle House-Mt Sterling,KY",38.071456,-83.947301,4
"Waffle House-Nicholasville,KY",37.900024,-84.564616,5
"Waffle House-Oak Grove,KY",36.693312,-87.45301,1
"Waffle House-Paducah,KY",37.047698,-88.654589,5
"Waffle House-Paducah,KY",37.048332,-88.563142,4
"Waffle House-Radcliff,KY",37.838648,-85.93692,8
"Waffle House-Richmond,KY",37.776512,-84.319044,4
"Waffle House-Richmond,KY",37.73629,-84.319106,2
"Waffle House-Shelbyville,KY",38.19749,-85.209297,4
"Waffle House-Shelbyville,KY",38.201934,-85.265917,7
"Waffle House-Shepherdsville,KY",38.058213,-85.699983,5
"Waffle House-Shepherdsville,KY",38.003178,-85.689157,3
"Waffle House-Versailles,KY",38.050741,-84.713642,6
"Waffle House-Walton,KY",38.917429,-84.63135,10
"Waffle House-Walton,KY",38.859169,-84.619793,10
"Waffle House-Wilder,KY",39.009456,-84.467658,8
"Waffle House-Winchester,KY",38.006899,-84.209431,7
"Waffle House-Amite,LA",30.726442,-90.52571,4
"Waffle House-Arabi,LA",29.957465,-90.004637,4
"Waffle House-Avondale,LA",29.91015,-90.206178,8
"Waffle House-Baton Rouge,LA",30.414306,-91.068059,6
"Waffle House-Baton Rouge,LA",30.382638,-91.064542,7
"Waffle House-Baton Rouge,LA",30.348646,-91.027208,2
"Waffle House-Baton Rouge,LA",30.439602,-91.007527,8
"Waffle House-Baton Rouge,LA",30.489072,-91.16728,7
"Waffle House-Baton Rouge,LA",30.426446,-91.137374,1
"Waffle House-Bossier City,LA",32.527448,-93.700912,3
"Waffle House-Bossier City,LA",32.518502,-93.70697,3
"Waffle House-Bossier City,LA",32.549856,-93.630148,1
"Waffle House-Boutte,LA",29.891172,-90.409561,5
"Waffle House-Breaux Bridge,LA",30.313502,-91.83258,5
"Waffle House-Breaux Bridge,LA",30.293976,-91.916036,4
"Waffle House-Broussard,LA",30.143545,-91.948543,6
"Waffle House-Chalmette,LA",29.950601,-89.959762,6
"Waffle House-Covington,LA",30.437927,-90.084061,8
"Waffle House-Covington,LA",30.496358,-90.162929,2
"Waffle House-Crowley,LA",30.23625,-92.527569,8
"Waffle House-Denham Springs,LA",30.457004,-90.956143,7
"Waffle House-Gonzales,LA",30.210788,-90.944304,9
"Waffle House-Gray,LA",29.681213,-90.783133,7
"Waffle House-Hammond,LA",30.506593,-90.449984,7
"Waffle House-Hammond,LA",30.5163002,-90.4790802,1
"Waffle House-Hammond,LA",30.477086,-90.457082,7
"Waffle House-Hammond,LA",30.504344,-90.499557,2
"Waffle House-Harvey,LA",29.8771778,-90.0492105,6
"Waffle House-Haughton,LA",32.54342,-93.515196,7
"Waffle House-Houma,LA",29.61119,-90.753339,1
"Waffle House-Jennings,LA",30.239381,-92.663439,5
"Waffle House-Lafayette,LA",30.254376,-92.037887,7
"Waffle House-Lafayette,LA",30.252052,-92.013521,5
"Waffle House-Lafayette,LA",30.1852349,-92.0099301,6
"Waffle House-Lake Charles,LA",30.237417,-93.229098,1
"Waffle House-Laplace,LA",30.08278,-90.455063,4
"Waffle House-Mandeville,LA",30.370949,-90.093156,7
"Waffle House-Mandeville,LA",30.416546,-90.040753,8
"Waffle House-Metairie,LA",30.003982,-90.2202925,3
"Waffle House-Metairie,LA",29.9793499,-90.235166,5
"Waffle House-Monroe,LA",32.5255461,-92.1143988,4
"Waffle House-Monroe,LA",32.551111,-92.077002,7
"Waffle House-Monroe,LA",32.529178,-92.034125,8
"Waffle House-Morgan City,LA",29.68428,-91.256929,8
"Waffle House-New Iberia,LA",29.986586,-91.860278,1
"Waffle House-New Orleans,LA",30.0441608,-89.9635315,2
"Waffle House-New Orleans,LA",29.928509,-90.031609,4
"Waffle House-New Orleans,LA",29.9882186,-90.0586686,2
"Waffle House-New Orleans,LA",30.00403,-90.035749,3
"Waffle House-New Orleans,LA",30.034951,-89.974466,7
"Waffle House-Opelousas,LA",30.5184652,-92.0660875,1
"Waffle House-Pearl River,LA",30.35562,-89.744489,6
"Waffle House-Ponchatoula,LA",30.437673,-90.452072,3
"Waffle House-Port Allen,LA",30.448971,-91.244485,6
"Waffle House-Port Allen,LA",30.425174,-91.216472,10
"Waffle House-Rayville,LA",32.456927,-91.758542,6
"Waffle House-Ruston,LA",32.537129,-92.652865,2
"Waffle House-Scott,LA",30.242241,-92.066105,1
"Waffle House-Shreveport,LA",32.558572,-93.783748,4
"Waffle House-Shreveport,LA",32.398226,-93.759495,2
"Waffle House-Shreveport,LA",32.459756,-93.827448,6
"Waffle House-Shreveport,LA",32.450084,-93.862604,7
"Waffle House-Shreveport,LA",32.401175,-93.804835,6
"Waffle House-Slidell,LA",30.224415,-89.786497,6
"Waffle House-Slidell,LA",30.311043,-89.767896,3
"Waffle House-Slidell,LA",30.28477,-89.751039,5
"Waffle House-Slidell,LA",30.249874,-89.765483,5
"Waffle House-Slidell,LA",30.3177376,-89.8241501,1
"Waffle House-Sorrento,LA",30.170275,-90.877896,8
"Waffle House-St Rose,LA",29.974778,-90.296952,2
"Waffle House-Sterlington,LA",32.68592,-92.045619,7
"Waffle House-Sulphur,LA",30.23793,-93.377421,1
"Waffle House-Sulphur,LA",30.21403,-93.376156,6
"Waffle House-Terrytown,LA",29.903326,-90.018515,2
"Waffle House-Walker,LA",30.47391,-90.861189,5
"Waffle House-West Monroe,LA",32.502484,-92.157046,2
"Waffle House-West Monroe,LA",32.515178,-92.191922,1
"Waffle House-West Monroe,LA",32.509466,-92.157422,4
"Waffle House-Zachary,LA",30.6474714,-91.1457733,2
"Waffle House-Bel Air,MD",39.567772,-76.353941,4
"Waffle House-Belcamp,MD",39.479198,-76.248647,3
"Waffle House-Edgewood,MD",39.453111,-76.305268,6
"Waffle House-Elkton,MD",39.635768,-75.80651,2
"Waffle House-Frederick,MD",39.389316,-77.409443,5
"Waffle House-Frederick,MD",39.32427,-77.351535,8
"Waffle House-Hagerstown,MD",39.599308,-77.729887,2
"Waffle House-Hagerstown,MD",39.689308,-77.730567,2
"Waffle House-Havre De Grace,MD",39.553886,-76.100951,8
"Waffle House-North East,MD",39.607002,-75.951736,5
"Waffle House-Williamsport,MD",39.604086,-77.807901,2
"Waffle House-Arnold,MO",38.4161,-90.39144,8
"Waffle House-Belton,MO",38.812759,-94.501709,5
"Waffle House-Berkeley,MO",38.729763,-90.344302,4
"Waffle House-Blue Springs,MO",39.032057,-94.305084,1
"Waffle House-Bridgeton,MO",38.759473,-90.434969,4
"Waffle House-Columbia,MO",38.922123,-92.337011,7
"Waffle House-Columbia,MO",38.971112,-92.326884,4
"Waffle House-Excelsior Springs,MO",39.332079,-94.268733,7
"Waffle House-Festus,MO",38.21319,-90.407457,8
"Waffle House-Florissant,MO",38.796538,-90.339167,3
"Waffle House-Grandview,MO",38.889003,-94.527867,5
"Waffle House-Joplin,MO",37.12224,-94.47567,1
"Waffle House-Kansas City,MO",39.174016,-94.549007,7
"Waffle House-Kansas City,MO",39.130243,-94.502117,8
"Waffle House-Kansas City,MO",39.168324,-94.495299,8
"Waffle House-Kansas City,MO",39.244848,-94.460529,8
"Waffle House-Kansas City,MO",39.271801,-94.669799,6
"Waffle House-Lebanon,MO",37.651114,-92.667665,6
"Waffle House-Lees Summit,MO",38.942667,-94.378231,2
"Waffle House-Maryland Heights,MO",38.715408,-90.444,2
"Waffle House-Oak Grove,MO",39.012406,-94.128811,7
"Waffle House-O'Fallon,MO",38.803333,-90.700564,7
"Waffle House-Platte City,MO",39.35253,-94.766598,7
"Waffle House-Rolla,MO",37.943075,-91.790858,4
"Waffle House-Springfield,MO",37.247758,-93.310744,8
"Waffle House-Springfield,MO",37.253742,-93.264788,1
"Waffle House-Springfield,MO",37.238923,-93.226996,5
"Waffle House-Springfield,MO",37.18036,-93.226883,2
"Waffle House-Springfield,MO",37.139102,-93.278127,4
"Waffle House-Springfield,MO",37.210351,-93.348718,6
"Waffle House-St Charles,MO",38.772386,-90.492086,7
"Waffle House-St Charles,MO",38.805892,-90.475096,2
"Waffle House-St Joseph,MO",39.723318,-94.793771,5
"Waffle House-St Louis,MO",38.498853,-90.299798,3
"Waffle House-St Louis,MO",38.48572,-90.358474,5
"Waffle House-St Louis,MO",38.52544,-90.362508,8
"Waffle House-St Robert,MO",37.822883,-92.140451,8
"Waffle House-Warrenton,MO",38.822886,-91.138389,8
"Waffle House-Webb City,MO",37.133535,-94.475184,3
"Waffle House-Wentzville,MO",38.811058,-90.872279,6
"Waffle House-Batesville,MS",34.309963,-89.930826,3
"Waffle House-Bay St Louis,MS",30.313164,-89.357318,1
"Waffle House-Biloxi Beach,MS",30.391346,-88.978416,4
"Waffle House-Biloxi,MS",30.393901,-88.890503,1
"Waffle House-Biloxi,MS",30.393212,-88.952343,4
"Waffle House-Biloxi,MS",30.45783,-88.843455,6
"Waffle House-Biloxi,MS",30.447809,-88.934204,7
"Waffle House-Brandon,MS",32.280539,-90.035745,4
"Waffle House-Brandon,MS",32.36338,-89.991739,7
"Waffle House-Brandon,MS",32.276935,-89.998363,4
"Waffle House-Brookhaven,MS",31.579088,-90.465536,8
"Waffle House-Byram,MS",32.185584,-90.259696,7
"Waffle House-Canton,MS",32.59408,-90.089379,5
"Waffle House-Clinton,MS",32.328365,-90.32577,6
"Waffle House-Columbus,MS",33.50801,-88.432536,6
"Waffle House-Corinth,MS",34.930932,-88.544018,7
"Waffle House-Diamondhead,MS",30.374828,-89.377875,4
"Waffle House-D'Iberville,MS",30.429871,-88.892992,5
"Waffle House-D'Iberville,MS",30.46817,-88.938424,2
"Waffle House-Florence,MS",32.155279,-90.124692,6
"Waffle House-Flowood,MS",32.330719,-90.1271286,7
"Waffle House-Forest,MS",32.339658,-89.483392,8
"Waffle House-Gautier,MS",30.393197,-88.66091,5
"Waffle House-Greenwood,MS",33.524289,-90.204945,2
"Waffle House-Grenada,MS",33.786617,-89.851581,6
"Waffle House-Gulfport,MS",30.438328,-89.097452,5
"Waffle House-Gulfport,MS",30.4005754,-89.0051385,6
"Waffle House-Gulfport,MS",30.3964153,-89.0929339,7
"Waffle House-Gulfport,MS",30.35822,-89.112555,1
"Waffle House-Gulfport,MS",30.379625,-89.03987,4
"Waffle House-Gulfport,MS",30.420964,-89.136597,7
"Waffle House-Gulfport,MS",30.421015,-89.092483,2
"Waffle House-Gulfport,MS",30.427048,-89.092577,5
"Waffle House-Hattiesburg,MS",31.324655,-89.354589,7
"Waffle House-Hattiesburg,MS",31.348817,-89.336256,3
"Waffle House-Hattiesburg,MS",31.35471,-89.344189,6
"Waffle House-Hattiesburg,MS",31.309482,-89.314553,2
"Waffle House-Hazlehurst,MS",31.874306,-90.40692,1
"Waffle House-Hernando,MS",34.823911,-89.981808,6
"Waffle House-Horn Lake,MS",34.962707,-90.006353,6
"Waffle House-Jackson,MS",32.303956,-90.168076,2
"Waffle House-Jackson,MS",32.268343,-90.212541,4
"Waffle House-Jackson,MS",32.356314,-90.152403,1
"Waffle House-Jackson,MS",32.290034,-90.270158,5
"Waffle House-Laurel,MS",31.686003,-89.146907,5
"Waffle House-Long Beach,MS",30.345184,-89.147644,2
"Waffle House-Lucedale,MS",30.908468,-88.597908,9
"Waffle House-Magee,MS",31.867635,-89.741491,6
"Waffle House-Mccomb,MS",31.247488,-90.474431,6
"Waffle House-Meridian,MS",32.349611,-88.691526,7
"Waffle House-Meridian,MS",32.367662,-88.679415,1
"Waffle House-Meridian,MS",32.362911,-88.728721,7
"Waffle House-Moss Point,MS",30.643972,-88.567699,3
"Waffle House-Moss Point,MS",30.438064,-88.527809,6
"Waffle House-Moss Point,MS",30.446254,-88.532677,3
"Waffle House-New Albany,MS",34.496831,-89.029854,5
"Waffle House-Ocean Springs,MS",30.413426,-88.787626,7
"Waffle House-Ocean Springs,MS",30.450363,-88.841124,6
"Waffle House-Olive Branch,MS",34.962849,-89.856456,3
"Waffle House-Pascagoula,MS",30.370978,-88.549371,2
"Waffle House-Pascagoula,MS",30.385531,-88.515694,1
"Waffle House-Pearl,MS",32.2828176,-90.116373,5
"Waffle House-Pearl,MS",32.273432,-90.072635,3
"Waffle House-Petal,MS",31.3519657,-89.2342796,9
"Waffle House-Picayune,MS",30.517571,-89.667438,5
"Waffle House-Picayune,MS",30.5450593,-89.6696337,4
"Waffle House-Richland,MS",32.232437,-90.161879,5
"Waffle House-Ridgeland,MS",32.3995252,-90.1216556,2
"Waffle House-Ridgeland,MS",32.412535,-90.106355,5
"Waffle House-Robinsonville,MS",34.837132,-90.275853,6
"Waffle House-Senatobia,MS",34.619592,-89.954816,5
"Waffle House-Southaven,MS",34.9623773,-89.9316493,8
"Waffle House-Southaven,MS",34.93358,-89.997558,5
"Waffle House-Southaven,MS",34.989884,-89.999057,7
"Waffle House-Starkville,MS",33.44302,-88.849839,2
"Waffle House-Tupelo,MS",34.314398,-88.706755,8
"Waffle House-Tupelo,MS",34.245103,-88.717275,8
"Waffle House-Vicksburg,MS",32.328116,-90.862852,2
"Waffle House-Vicksburg,MS",32.343845,-90.837393,4
"Waffle House-Vicksburg,MS",32.303093,-90.888801,6
"Waffle House-Vicksburg,MS",32.30963,-90.900196,6
"Waffle House-Waveland,MS",30.304516,-89.383146,8
"Waffle House-West Point,MS",33.583967,-88.659083,7
"Waffle House-Wiggins,MS",30.847915,-89.153543,1
"Waffle House-Winona,MS",33.486924,-89.757028,6
"Waffle House-Albemarle,NC",35.384228,-80.192831,7
"Waffle House-Albemarle,NC",35.36465,-80.149159,6
"Waffle House-Apex,NC",35.711193,-78.838535,6
"Waffle House-Archdale,NC",35.905325,-79.957301,6
"Waffle House-Arden,NC",35.481991,-82.553741,6
"Waffle House-Asheboro,NC",35.689684,-79.810722,4
"Waffle House-Asheville,NC",35.584324,-82.462232,2
"Waffle House-Asheville,NC",35.588507,-82.529613,2
"Waffle House-Asheville,NC",35.562802,-82.629877,8
"Waffle House-Asheville,NC",35.596353,-82.555175,6
"Waffle House-Battleboro,NC",36.035675,-77.7525406,7
"Waffle House-Belmont,NC",35.251913,-81.028427,8
"Waffle House-Benson,NC",35.375371,-78.537776,4
"Waffle House-Biscoe,NC",35.360795,-79.767709,2
"Waffle House-Boone,NC",36.20678,-81.67119,1
"Waffle House-Brevard,NC",35.271077,-82.707036,4
"Waffle House-Burlington,NC",36.064483,-79.469298,4
"Waffle House-Canton,NC",35.552817,-82.850831,3
"Waffle House-Cary,NC",35.763307,-78.746654,4
"Waffle House-Chapel Hill,NC",35.9135556,-79.0548438,5
"Waffle House-Charlotte,NC",35.287733,-80.760382,1
"Waffle House-Charlotte,NC",35.1453972,-80.9244919,5
"Waffle House-Charlotte,NC",35.240412,-80.919738,8
"Waffle House-Charlotte,NC",35.175377,-80.875908,4
"Waffle House-Charlotte,NC",35.113517,-80.921917,6
"Waffle House-Charlotte,NC",35.306271,-80.851364,5
"Waffle House-Charlotte,NC",35.1705055,-80.7438507,8
"Waffle House-Charlotte,NC",35.340982,-80.834503,6
"Waffle House-Clayton,NC",35.666396,-78.499173,8
"Waffle House-Clemmons,NC",36.0339,-80.382709,4
"Waffle House-Columbus,NC",35.265316,-82.1652908,2
"Waffle House-Concord,NC",35.4612929,-80.584572,6
"Waffle House-Concord,NC",35.403031,-80.609176,6
"Waffle House-Concord,NC",35.367106,-80.709571,6
"Waffle House-Conover,NC",35.704826,-81.263627,3
"Waffle House-Conover,NC",35.695114,-81.235779,1
"Waffle House-Cornelius,NC",35.482418,-80.880735,2
"Waffle House-Dallas,NC",35.302438,-81.179205,5
"Waffle House-Durham,NC",35.910566,-78.934175,2
"Waffle House-Durham,NC",35.9241591,-78.846131,1
"Waffle House-Durham,NC",36.02104,-78.950141,6
"Waffle House-Durham,NC",35.90965,-78.89324,2
"Waffle House-Erwin,NC",35.322892,-78.642729,8
"Waffle House-Fayetteville,NC",35.006297,-78.816463,5
"Waffle House-Fayetteville,NC",35.01901,-78.895658,2
"Waffle House-Fayetteville,NC",35.116198,-78.879987,5
"Waffle House-Fayetteville,NC",35.079476,-78.957792,6
"Waffle House-Fayetteville,NC",35.044327,-78.976058,4
"Waffle House-Fayetteville,NC",35.064763,-79.013678,3
"Waffle House-Fayetteville,NC",35.03045,-79.050492,8
"Waffle House-Fayetteville,NC",35.073955,-78.953084,8
"Waffle House-Flat Rock,NC",35.297726,-82.404095,2
"Waffle House-Forest City,NC",35.333261,-81.889924,6
"Waffle House-Fuquay Varina,NC",35.592904,-78.772628,6
"Waffle House-Garner,NC",35.604227,-78.569099,9
"Waffle House-Gastonia,NC",35.279213,-81.234116,7
"Waffle House-Gastonia,NC",35.269616,-81.146327,5
"Waffle House-Goldsboro,NC",35.397053,-77.966137,8
"Waffle House-Goldsboro,NC",35.374613,-77.945158,6
"Waffle House-Graham,NC",36.062666,-79.382991,2
"Waffle House-Greensboro,NC",36.00435,-79.790756,1
"Waffle House-Greensboro,NC",36.031992,-79.800992,8
"Waffle House-Greensboro,NC",36.041959,-79.8434,8
"Waffle House-Greensboro,NC",36.058149,-79.88953,3
"Waffle House-Greenville,NC",35.5960922,-77.3375626,1
"Waffle House-Greenville,NC",35.581111,-77.376761,4
"Waffle House-Greenville,NC",35.604941,-77.395982,1
"Waffle House-Havelock,NC",34.898236,-76.929115,3
"Waffle House-Henderson,NC",36.322812,-78.450271,4
"Waffle House-Henderson,NC",36.338431,-78.409875,3
"Waffle House-Hendersonville,NC",35.343999,-82.435561,7
"Waffle House-Hickory,NC",35.711513,-81.316051,6
"Waffle House-Hickory,NC",35.748035,-81.367155,6
"Waffle House-High Point,NC",35.982708,-80.023989,8
"Waffle House-Hillsborough,NC",36.058285,-79.103379,2
"Waffle House-Hope Mills,NC",34.983695,-78.96434,3
"Waffle House-Huntersville,NC",35.408474,-80.854431,3
"Waffle House-Indian Trail,NC",35.085973,-80.662723,7
"Waffle House-Jacksonville,NC",34.778339,-77.393874,3
"Waffle House-Jacksonville,NC",34.755614,-77.473512,7
"Waffle House-Jacksonville,NC",34.760214,-77.416411,5
"Waffle House-Jonesville,NC",36.239283,-80.820037,2
Waffle House-Kannapolis MC,35.480056,-80.612236,2
"Waffle House-Kannapolis,NC",35.497508,-80.559687,5
"Waffle House-Kenly,NC",35.581641,-78.147626,7
"Waffle House-Kernersville,NC",36.111375,-80.063372,8
"Waffle House-King,NC",36.262676,-80.36308,8
"Waffle House-Kings Mountain,NC",35.228646,-81.333074,1
"Waffle House-Kinston,NC",35.239317,-77.575944,5
"Waffle House-Knightdale,NC",35.799228,-78.474508,6
"Waffle House-Laurinburg,NC",34.77018,-79.467749,2
"Waffle House-Leland,NC",34.233741,-77.997401,8
"Waffle House-Lenoir,NC",35.9171104,-81.5239792,3
"Waffle House-Lexington,NC",35.775196,-80.258781,2
"Waffle House-Lillington,NC",35.415451,-78.798404,1
"Waffle House-Lincolnton,NC",35.477106,-81.235427,8
"Waffle House-Louisburg,NC",36.088476,-78.301878,6
"Waffle House-Lumberton,NC",34.667591,-79.004059,6
"Waffle House-Lumberton,NC",34.603794,-78.980216,1
"Waffle House-Lumberton,NC",34.621328,-79.051987,6
"Waffle House-Marion,NC",35.659932,-81.965027,6
"Waffle House-Mars Hill,NC",35.820165,-82.538828,2
"Waffle House-Mebane,NC",36.074239,-79.273436,2
"Waffle House-Mocksville,NC",35.9162351,-80.5830465,1
"Waffle House-Monroe,NC",34.99432,-80.541062,7
"Waffle House-Mooresville,NC",35.593923,-80.857145,4
"Waffle House-Morehead City,NC",34.736337,-76.798557,3
"Waffle House-Morganton,NC",35.72286,-81.65684,9
"Waffle House-Morrisville,NC",35.859398,-78.818979,6
"Waffle House-Mt Airy,NC",36.47443,-80.620243,1
"Waffle House-Murphy,NC",35.076684,-84.04288,6
"Waffle House-Nashville,NC",35.976103,-77.97005,5
"Waffle House-New Bern,NC",35.082184,-77.03092,6
"Waffle House-New Bern,NC",35.099702,-77.016192,5
"Waffle House-Pineville,NC",35.0979805,-80.8827972,6
"Waffle House-Pittsboro,NC",35.7447729,-79.1668166,3
"Waffle House-Raeford,NC",34.9785,-79.236549,6
"Waffle House-Raleigh,NC",35.77729,-78.6782905,5
"Waffle House-Raleigh,NC",35.862865,-78.60009,9
"Waffle House-Raleigh,NC",35.816672,-78.598817,5
"Waffle House-Raleigh,NC",35.797589,-78.577611,7
"Waffle House-Raleigh,NC",35.794752,-78.690782,6
"Waffle House-Randleman,NC",35.824566,-79.816778,1
"Waffle House-Roanoke Rapids,NC",36.443476,-77.676272,6
"Waffle House-Rockingham,NC",34.912744,-79.790068,6
"Waffle House-Rocky Mount,NC",35.966381,-77.816561,6
"Waffle House-Rocky Mount,NC",35.974647,-77.833733,6
"Waffle House-Rowland,NC",34.507072,-79.30656,1
"Waffle House-Rutherfordton,NC",35.364191,-81.941853,3
"Waffle House-Salisbury,NC",35.66351,-80.46581,5
"Waffle House-Salisbury,NC",35.643584,-80.483366,8
"Waffle House-Sanford,NC",35.457685,-79.14256,6
"Waffle House-Selma,NC",35.51949,-78.293382,5
"Waffle House-Shallotte,NC",33.973833,-78.400795,8
"Waffle House-Shelby,NC",35.271543,-81.495442,2
"Waffle House-Siler City,NC",35.735593,-79.43393,4
"Waffle House-Smithfield,NC",35.536033,-78.374016,1
"Waffle House-Southern Pines,NC",35.1621428,-79.4101339,7
"Waffle House-Spring Lake,NC",35.179284,-78.98127,7
"Waffle House-Spring Lake,NC",35.17337,-78.969953,2
"Waffle House-Statesville,NC",35.771294,-80.859371,6
"Waffle House-Statesville,NC",35.804574,-80.876349,8
"Waffle House-Sylva,NC",35.377162,-83.212479,2
"Waffle House-Tarboro,NC",35.88889,-77.54793,3
"Waffle House-Thomasville,NC",35.865493,-80.072164,5
"Waffle House-Wade,NC",35.122765,-78.748103,8
"Waffle House-Wadesboro,NC",34.978274,-80.0929,5
"Waffle House-Wake Forest,NC",35.9768618,-78.5463553,1
"Waffle House-Walkerton,NC",36.17765,-80.160801,5
"Waffle House-Warsaw,NC",34.993371,-78.138942,8
"Waffle House-Washington,NC",35.5547887,-77.0591844,7
"Waffle House-Waynesville,NC",35.503556,-82.9892,1
"Waffle House-Weaverville,NC",35.703962,-82.568901,4
"Waffle House-Weldon,NC",36.430492,-77.629929,1
"Waffle House-Whittier,NC",35.430834,-83.304103,2
"Waffle House-Wilmington,NC",34.1933212,-77.9359894,8
"Waffle House-Wilmington,NC",34.24422,-77.88134,3
"Waffle House-Wilmington,NC",34.142919,-77.892779,5
"Waffle House-Wilmington,NC",34.264519,-77.826851,4
"Waffle House-Wilson,NC",35.7196983,-77.9513434,5
"Waffle House-Wilson,NC",35.695722,-77.822906,5
"Waffle House-Winston Salem,NC",36.188445,-80.279248,6
"Waffle House-Winston Salem,NC",36.054405,-80.259299,8
"Waffle House-Winston Salem,NC",36.07222,-80.338772,7
"Waffle House-Winterville,NC",35.561335,-77.406069,8
"Waffle House-Youngsville,NC",36.040769,-78.498054,4
"Waffle House-Albuquerque,NM",35.068449,-106.500112,7
"Waffle House-Albuquerque,NM",35.056186,-106.62192,8
"Waffle House-Akron,OH",40.989317,-81.492392,4
"Waffle House-Austinburg,OH",41.784253,-80.855644,2
"Waffle House-Beavercreek,OH",39.696249,-84.101287,7
"Waffle House-Bellefontaine,OH",40.377347,-83.755956,5
"Waffle House-Bowling Green,OH",41.374527,-83.626575,3
"Waffle House-Brookville,OH",39.845143,-84.424864,8
"Waffle House-Canal Winchester,OH",39.861762,-82.827631,5
"Waffle House-Canton,OH",40.770725,-81.386237,3
"Waffle House-Cincinnati,OH",39.25744,-84.469787,6
"Waffle House-Cincinnati,OH",39.1278036,-84.5177753,4
"Waffle House-Cincinnati,OH",39.071567,-84.308766,6
"Waffle House-Colerain Township,OH",39.2382777,-84.5928792,3
"Waffle House-Columbus,OH",39.972081,-83.04291,3
"Waffle House-Columbus,OH",40.142382,-82.988317,7
"Waffle House-Columbus,OH",39.998466,-82.93019,3
"Waffle House-Columbus,OH",39.9972343,-83.0074724,7
"Waffle House-Columbus,OH",40.001907,-83.122597,8
"Waffle House-Columbus,OH",39.881141,-83.001138,7
"Waffle House-Columbus,OH",39.95251,-83.123511,8
"Waffle House-Columbus,OH",39.981082,-82.829096,4
"Waffle House-Columbus,OH",40.1346224,-83.0169205,8
"Waffle House-Columbus,OH",39.971348,-83.097824,2
"Waffle House-Dayton,OH",39.819728,-84.193224,5
"Waffle House-Dayton,OH",39.864953,-84.102065,5
"Waffle House-Dayton,OH",39.856707,-84.277534,7
"Waffle House-Fairborn,OH",39.783233,-83.998821,6
"Waffle House-Fairborn,OH",39.77469,-84.079522,2
"Waffle House-Fairfield,OH",39.339976,-84.534558,7
"Waffle House-Findlay,OH",41.058563,-83.672214,6
"Waffle House-Franklin,OH",39.542094,-84.291856,7
"Waffle House-Girard,OH",41.143011,-80.721778,3
"Waffle House-Grove City,OH",39.900592,-83.078466,6
"Waffle House-Grove City,OH",39.87809,-83.053281,8
"Waffle House-Groveport,OH",39.874231,-82.880224,8
"Waffle House-Hamilton,OH",39.397034,-84.552705,5
"Waffle House-Harrison,OH",39.259061,-84.80157,3
"Waffle House-Holland,OH",41.609529,-83.710512,3
"Waffle House-Hubbard,OH",41.161567,-80.576639,7
"Waffle House-Huber Heights,OH",39.873081,-84.136363,2
"Waffle House-Jeffersonville,OH",39.617207,-83.606745,8
"Waffle House-Lancaster,OH",39.747077,-82.647825,7
"Waffle House-Liberty Township,OH",39.417366,-84.4705505,5
"Waffle House-Lima,OH",40.757005,-84.079961,1
"Waffle House-London,OH",39.959215,-83.371122,6
"Waffle House-Marysville,OH",40.240358,-83.342905,8
"Waffle House-Mason,OH",39.358796,-84.267046,1
"Waffle House-Mason,OH",39.296866,-84.315225,7
"Waffle House-Medina,OH",41.136194,-81.801828,7
"Waffle House-Miamisburg,OH",39.638543,-84.227601,5
"Waffle House-Monroe,OH",39.43502,-84.244039,5
"Waffle House-Moraine,OH",39.686177,-84.220725,2
"Waffle House-North Canton,OH",40.860813,-81.422645,6
"Waffle House-Painesville,OH",41.666671,-81.243945,1
"Waffle House-Perrysburg,OH",41.52956,-83.636541,2
"Waffle House-Piqua,OH",40.150891,-84.213775,3
"Waffle House-Reynoldsburg,OH",39.937811,-82.830276,3
"Waffle House-Reynoldsburg,OH",39.9270174,-82.8313753,4
"Waffle House-Sharonville,OH",39.28685,-84.396923,3
"Waffle House-Sharonville,OH",39.26977,-84.43562,7
"Waffle House-Sidney,OH",40.288358,-84.184896,6
"Waffle House-Springboro,OH",39.5623093,-84.263443,6
"Waffle House-Sunbury,OH",40.266779,-82.933732,1
"Waffle House-Toledo,OH",41.596226,-83.664846,2
"Waffle House-Toledo,OH",41.675065,-83.704185,4
"Waffle House-Troy,OH",40.026059,-84.224941,2
"Waffle House-Vandalia,OH",39.891308,-84.192836,5
"Waffle House-Wapakoneta,OH",40.564077,-84.173436,1
"Waffle House-Warren,OH",41.255968,-80.740799,2
"Waffle House-West Chester,OH",39.3560884,-84.3643456,2
"Waffle House-West Chester,OH",39.34638,-84.39562,6
"Waffle House-Westerville,OH",40.080779,-82.92762,6
"Waffle House-Willoughby,OH",41.642568,-81.429299,3
"Waffle House-Broken Arrow,OK",36.072283,-95.815277,4
"Waffle House-Catoosa,OK",36.16257,-95.761669,6
"Waffle House-Del City,OK",35.446313,-97.42477,1
"Waffle House-Moore,OK",35.320038,-97.487771,1
"Waffle House-Norman,OK",35.232216,-97.489388,4
"Waffle House-Norman,OK",35.218887,-97.482463,2
"Waffle House-Oklahoma City,OK",35.46395,-97.476768,4
"Waffle House-Oklahoma City,OK",35.454693,-97.600327,3
"Waffle House-Oklahoma City,OK",35.589937,-97.436347,6
"Waffle House-Oklahoma City,OK",35.395197,-97.565577,1
"Waffle House-Oklahoma City,OK",35.609053,-97.529973,8
"Waffle House-Owasso,OK",36.264046,-95.851272,1
"Waffle House-Tulsa,OK",36.147897,-95.859654,6
"Waffle House-Tulsa,OK",36.078984,-96.047535,4
"Waffle House-Tulsa,OK",36.061945,-95.868537,5
"Waffle House-Yukon,OK",35.488946,-97.759167,8
"Waffle House-Allentown,PA",40.637259,-75.435412,5
"Waffle House-Bethlehem,PA",40.593322,-75.338896,6
"Waffle House-Carlisle,PA",40.234796,-77.133846,4
"Waffle House-Chambersburg,PA",39.92869,-77.634079,3
"Waffle House-Clarks Summit,PA",41.487691,-75.695518,8
"Waffle House-Harrisburg,PA",40.278404,-76.824832,2
"Waffle House-Lancaster,PA",40.053598,-76.323411,4
"Waffle House-Lancaster,PA",40.022562,-76.193387,6
"Waffle House-Scranton,PA",41.376261,-75.69047,8
"Waffle House-Washington,PA",40.18189,-80.232339,7
"Waffle House-Washington,PA",40.22222,-80.208172,1
"Waffle House-Aiken,SC",33.638746,-81.737986,5
"Waffle House-Aiken,SC",33.565187,-81.742348,2
"Waffle House-Aiken,SC",33.506953,-81.710408,4
"Waffle House-Aiken,SC",33.664346,-81.674146,7
"Waffle House-Aiken,SC",33.528118,-81.708212,7
"Waffle House-Anderson,SC",34.5313,-82.6339848,2
"Waffle House-Anderson,SC",34.501388,-82.683711,1
"Waffle House-Anderson,SC",34.576437,-82.690401,2
"Waffle House-Anderson,SC",34.535523,-82.666561,8
"Waffle House-Anderson,SC",34.628878,-82.601565,5
"Waffle House-Anderson,SC",34.580413,-82.715861,7
"Waffle House-Aynor,SC",33.991524,-79.200973,5
"Waffle House-Batesburg,SC",33.913807,-81.530498,4
"Waffle House-Beaufort,SC",32.3804909,-80.7289311,8
"Waffle House-Beaufort,SC",32.440998,-80.702357,2
"Waffle House-Bishopville,SC",34.190187,-80.284116,7
"Waffle House-Blacksburg,SC",35.146515,-81.509715,6
"Waffle House-Blythewood,SC",34.214226,-80.978423,3
"Waffle House-Boiling Springs,SC",35.01785,-81.961769,7
"Waffle House-Boiling Springs,SC",35.001808,-82.00655,3
"Waffle House-Camden,SC",34.221847,-80.59738,7
"Waffle House-Cayce,SC",33.961486,-81.087525,6
"Waffle House-Central,SC",34.707659,-82.759524,10
"Waffle House-Chapin,SC",34.176216,-81.325019,4
"Waffle House-Charleston,SC",32.791367,-80.039322,2
"Waffle House-Charleston,SC",32.781233,-79.966032,3
"Waffle House-Clemson,SC",34.691354,-82.837089,8
"Waffle House-Clinton,SC",34.50474,-81.860224,1
"Waffle House-Clinton,SC",34.460639,-81.878527,5
"Waffle House-Clover,SC",35.116847,-81.077219,8
"Waffle House-Columbia,SC",34.097084,-80.855816,5
"Waffle House-Columbia,SC",33.969889,-81.016839,5
"Waffle House-Columbia,SC",34.015072,-81.07636,6
"Waffle House-Columbia,SC",34.041378,-81.096422,3
"Waffle House-Columbia,SC",34.138165,-80.914974,1
"Waffle House-Columbia,SC",34.068379,-81.139092,8
"Waffle House-Columbia,SC",33.971521,-80.950933,7
"Waffle House-Columbia,SC",33.96836,-80.945403,3
"Waffle House-Columbia,SC",34.075428,-80.945649,4
"Waffle House-Columbia,SC",34.044184,-81.120523,7
"Waffle House-Columbia,SC",34.084064,-80.938712,6
"Waffle House-Columbia,SC",34.096652,-80.961831,2
"Waffle House-Columbia,SC",34.002312,-81.017439,5
"Waffle House-Conway,SC",33.7757117,-79.0210855,6
"Waffle House-Conway,SC",33.80525,-79.01029,5
"Waffle House-Conway,SC",33.862239,-79.093471,8
"Waffle House-Darlington,SC",34.281017,-79.856278,1
"Waffle House-Dillon,SC",34.438562,-79.371045,3
"Waffle House-Duncan,SC",34.909871,-82.103101,1
"Waffle House-Easley,SC",34.819227,-82.601431,1
"Waffle House-Florence,SC",34.226471,-79.79539,5
"Waffle House-Florence,SC",34.259601,-79.700053,4
"Waffle House-Florence,SC",34.189095,-79.836481,1
"Waffle House-Florence,SC",34.162705,-79.855405,6
"Waffle House-Florence,SC",34.162618,-79.757888,2
"Waffle House-Fountain Inn,SC",34.689912,-82.216574,2
"Waffle House-Gaffney,SC",35.089898,-81.661948,9
"Waffle House-Gaffney,SC",35.079501,-81.70359,9
"Waffle House-Goose Creek,SC",32.992242,-80.039204,6
"Waffle House-Goose Creek,SC",32.9687,-80.003584,2
"Waffle House-Greenville,SC",34.790698,-82.375301,5
"Waffle House-Greenville,SC",34.861618,-82.393105,4
"Waffle House-Greenville,SC",34.792884,-82.418173,7
"Waffle House-Greenville,SC",34.819475,-82.275122,2
"Waffle House-Greenville,SC",34.837939,-82.315498,1
"Waffle House-Greenville,SC",34.891333,-82.406508,6
"Waffle House-Greenville,SC",34.811693,-82.334406,5
"Waffle House-Greenville,SC",34.831221,-82.369631,8
"Waffle House-Greenville,SC",34.857898,-82.257576,7
"Waffle House-Greenville,SC",34.84615,-82.34058,1
"Waffle House-Greenville,SC",34.853453,-82.453538,1
"Waffle House-Greenville,SC",34.893095,-82.467778,3
"Waffle House-Greenwood,SC",34.208122,-82.145151,6
"Waffle House-Greenwood,SC",34.209187,-82.18307,6
"Waffle House-Greer,SC",34.942964,-82.256113,1
"Waffle House-Greer,SC",34.89617,-82.163984,2
"Waffle House-Greer,SC",34.948912,-82.22491,8
"Waffle House-Hardeeville,SC",32.3125351,-81.0561392,5
"Waffle House-Hardeeville,SC",32.314565,-81.063137,3
"Waffle House-Inman,SC",35.025899,-82.032309,3
"Waffle House-Irmo,SC",34.102185,-81.181956,4
"Waffle House-Johns Island,SC",32.802337,-80.107309,1
"Waffle House-Ladson,SC",33.001033,-80.091049,3
"Waffle House-Lancaster,SC",34.733166,-80.800718,2
"Waffle House-Laurens,SC",34.555598,-82.007348,5
"Waffle House-Lexington,SC",33.954913,-81.23275,7
"Waffle House-Lexington,SC",33.954913,-81.3051548,6
"Waffle House-Lexington,SC",33.978911,-81.200211,7
"Waffle House-Lexington,SC",33.998477,-81.217954,4
"Waffle House-Lexington,SC",33.9078554,-81.2264977,4
"Waffle House-Little River,SC",33.865005,-78.645608,2
"Waffle House-Lugoff,SC",34.193357,-80.6877,8
"Waffle House-Manning,SC",33.70338,-80.241834,5
"Waffle House-Mauldin,SC",34.775776,-82.317372,8
"Waffle House-Moncks Corner,SC",33.198565,-79.992254,1
"Waffle House-Mount Pleasant,SC",32.840584,-79.859499,3
"Waffle House-Murrells Inlet,SC",33.568795,-79.033095,7
"Waffle House-Myrtle Beach,SC",33.651949,-78.985528,2
"Waffle House-Myrtle Beach,SC",33.756407,-78.967203,8
"Waffle House-Myrtle Beach,SC",33.665679,-78.91783,3
"Waffle House-Myrtle Beach,SC",33.7082521,-78.9111451,1
"Waffle House-Newberry,SC",34.310102,-81.576604,3
"Waffle House-Newberry,SC",34.283198,-81.583744,6
"Waffle House-North Augusta,SC",33.537097,-81.988905,1
"Waffle House-North Augusta,SC",33.567011,-81.935667,4
"Waffle House-North Augusta,SC",33.491232,-81.971961,5
"Waffle House-North Augusta,SC",33.503936,-81.900658,8
"Waffle House-North Augusta,SC",33.561648,-81.935368,1
"Waffle House-North Charleston,SC",32.901351,-80.02801,1
"Waffle House-North Charleston,SC",32.933716,-80.052283,2
"Waffle House-North Charleston,SC",32.869395,-80.011408,2
"Waffle House-North Charleston,SC",32.887042,-80.068473,3
"Waffle House-North Charleston,SC",32.887043,-80.068474,2
"Waffle House-North Charleston,SC",32.936804,-80.045529,1
"Waffle House-North Charleston,SC",32.91785,-80.113989,1
"Waffle House-North Charleston,SC",32.974921,-80.061048,7
"Waffle House-North Myrtle Beach,SC",33.824652,-78.684449,3
"Waffle House-Orangeburg,SC",33.457179,-80.736065,1
"Waffle House-Orangeburg,SC",33.555545,-80.825685,2
"Waffle House-Pawley'S Island,SC",33.437196,-79.129938,7
"Waffle House-Piedmont,SC",34.775347,-82.460247,5
"Waffle House-Piedmont,SC",34.725654,-82.388498,1
"Waffle House-Prosperity,SC",34.240012,-81.458777,6
"Waffle House-Richburg,SC",34.74543,-81.035329,4
"Waffle House-Ridgeland,SC",32.478875,-80.975236,3
"Waffle House-Ridgeway,SC",34.307642,-81.0033446,7
"Waffle House-Rock Hill,SC",34.914167,-80.985069,2
"Waffle House-Rock Hill,SC",34.971302,-80.989925,8
"Waffle House-Rock Hill,SC",34.95227,-81.0615237,3
"Waffle House-Roebuck,SC",34.840218,-81.969079,5
"Waffle House-Santee,SC",33.4688225,-80.5406723,6
"Waffle House-Seneca,SC",34.693174,-82.976207,5
"Waffle House-Simpsonville,SC",34.71775,-82.257736,6
"Waffle House-Spartanburg,SC",34.968121,-81.929513,4
"Waffle House-Spartanburg,SC",34.992001,-81.946583,4
"Waffle House-Spartanburg,SC",34.982672,-81.970501,3
"Waffle House-Spartanburg,SC",34.922574,-81.985542,6
"Waffle House-Spartanburg,SC",34.967311,-81.893488,5
"Waffle House-Spartanburg,SC",34.936596,-81.994045,5
"Waffle House-Spartanburg,SC",34.921197,-81.887668,3
"Waffle House-Spartanburg,SC",35.020067,-81.896188,4
"Waffle House-Spartanburg,SC",34.990678,-82.022891,8
"Waffle House-Spartanburg,SC",34.935373,-82.006233,3
"Waffle House-St George,SC",33.19477,-80.60348,5
"Waffle House-Summerville,SC",32.9524,-80.163386,6
"Waffle House-Summerville,SC",33.037226,-80.153065,4
"Waffle House-Summerville,SC",32.996986,-80.181898,5
"Waffle House-Sumter,SC",33.948029,-80.374621,1
"Waffle House-Sumter,SC",33.956843,-80.389976,1
"Waffle House-Surfside Beach,SC",33.6195602,-78.9737396,5
"Waffle House-Taylors,SC",34.903857,-82.333004,7
"Waffle House-Travelers Rest,SC",34.961077,-82.436226,7
"Waffle House-Union,SC",34.7256743,-81.639067,8
"Waffle House-Walterboro,SC",32.879521,-80.713514,10
"Waffle House-Walterboro,SC",32.928325,-80.687561,7
"Waffle House-West Columbia,SC",33.953057,-81.0966,5
"Waffle House-West Columbia,SC",33.981817,-81.102978,5
"Waffle House-West Columbia,SC",34.003547,-81.108684,6
"Waffle House-West Columbia,SC",33.934802,-81.076858,6
"Waffle House-West Columbia,SC",34.008027,-81.143723,7
"Waffle House-West Columbia,SC",33.940335,-81.146017,4
"Waffle House-Yemassee,SC",32.689197,-80.849834,2
"Waffle House-York,SC",34.987875,-81.198235,5
"Waffle House-Alcoa,TN",35.79201,-83.981859,8
"Waffle House-Athens,TN",35.455159,-84.628258,8
"Waffle House-Bartlett,TN",35.205622,-89.791936,3
"Waffle House-Brentwood,TN",36.040812,-86.779779,8
"Waffle House-Caryville,TN",36.298248,-84.213036,4
"Waffle House-Chattanooga,TN",35.08414,-85.318983,7
"Waffle House-Chattanooga,TN",35.018791,-85.281964,9
"Waffle House-Chattanooga,TN",35.019257,-85.385504,6
"Waffle House-Chattanooga,TN",35.083422,-85.204048,10
"Waffle House-Chattanooga,TN",35.012873,-85.228054,8
"Waffle House-Chattanooga,TN",35.087469,-85.07135,9
"Waffle House-Chattanooga,TN",35.053899,-85.187652,10
"Waffle House-Chattanooga,TN",35.041847,-85.159039,7
"Waffle House-Chattanooga,TN",35.06118,-85.133496,9
"Waffle House-Chattanooga,TN",35.030766,-85.314869,5
"Waffle House-Clarksville,TN",36.524699,-87.22593,4
"Waffle House-Clarksville,TN",36.581393,-87.410448,7
"Waffle House-Clarksville,TN",36.594686,-87.287985,7
"Waffle House-Clarksville,TN",36.637951,-87.436296,2
"Waffle House-Clarksville,TN",36.538752,-87.366741,3
"Waffle House-Cleveland,TN",35.212598,-84.86896,7
"Waffle House-Cleveland,TN",35.19117,-84.88518,7
"Waffle House-Columbia,TN",35.636832,-87.016695,6
"Waffle House-Columbia,TN",35.642918,-86.895001,7
"Waffle House-Columbia,TN",35.596521,-87.057305,3
"Waffle House-Cookeville,TN",36.138982,-85.527871,5
"Waffle House-Cookeville,TN",36.133246,-85.503708,7
"Waffle House-Cordova,TN",35.188137,-89.791251,2
"Waffle House-Crossville,TN",35.998286,-85.044451,6
"Waffle House-Dandridge,TN",36.036737,-83.435631,7
"Waffle House-Decherd,TN",35.205143,-86.093755,8
"Waffle House-Dickson,TN",36.022681,-87.339616,1
"Waffle House-Dickson,TN",36.077785,-87.376215,8
"Waffle House-East Ridge,TN",34.989437,-85.207851,5
"Waffle House-Elizabethton,TN",36.34446,-82.2486,7
"Waffle House-Franklin,TN",35.915081,-86.827995,4
"Waffle House-Gallatin,TN",36.382242,-86.460745,8
"Waffle House-Germantown,TN",35.114848,-89.801635,8
"Waffle House-Goodlettsville,TN",36.305271,-86.701607,5
"Waffle House-Goodlettsville,TN",36.324434,-86.701253,6
"Waffle House-Goodlettsville,TN",36.350729,-86.71545,8
"Waffle House-Gordonsville,TN",36.182544,-85.948461,1
"Waffle House-Greeneville,TN",36.179522,-82.775847,8
"Waffle House-Hendersonville,NC",36.3095328,-86.6018832,6
"Waffle House-Hendersonville,TN",36.306954,-86.654972,2
"Waffle House-Hermitage,TN",36.172444,-86.601861,7
"Waffle House-Hixson,TN",35.141191,-85.248606,8
"Waffle House-Hixson,TN",35.186023,-85.24654,3
"Waffle House-Jackson,TN",35.563586,-88.814226,6
"Waffle House-Jackson,TN",35.666909,-88.829188,1
"Waffle House-Jackson,TN",35.660493,-88.855218,3
"Waffle House-Johnson City,TN",36.374484,-82.427722,7
"Waffle House-Johnson City,TN",36.313152,-82.388156,7
"Waffle House-Johnson City,TN",36.4132082,-82.3313197,2
"Waffle House-Kimball,TN",35.043277,-85.686057,10
"Waffle House-Kingsport,TN",36.547199,-82.516807,6
"Waffle House-Kingsport,TN",36.552901,-82.620078,8
"Waffle House-Knoxville,TN",36.0059776,-84.0192566,1
"Waffle House-Knoxville,TN",36.011975,-83.969673,8
"Waffle House-Knoxville,TN",35.922932,-84.093365,7
"Waffle House-Knoxville,TN",35.907753,-84.147299,7
"Waffle House-Knoxville,TN",36.009521,-83.84382,5
"Waffle House-Knoxville,TN",35.93842,-84.007545,3
"Waffle House-Knoxville,TN",36.078768,-83.926663,3
"Waffle House-Knoxville,TN",35.909916,-83.85206,5
"Waffle House-Knoxville,TN",36.005835,-83.772467,8
"Waffle House-La Vergne,TN",35.998523,-86.596782,7
"Waffle House-Lakeland,TN",35.22481,-89.737529,1
"Waffle House-Lebanon,TN",36.189314,-86.409692,1
"Waffle House-Lebanon,TN",36.18453,-86.298011,3
"Waffle House-Lenoir City,TN",35.827618,-84.278264,7
"Waffle House-Manchester,TN",35.496306,-86.087276,2
"Waffle House-Manchester,TN",35.459553,-86.054421,1
"Waffle House-Mcminnville,TN",35.699034,-85.780437,3
"Waffle House-Memphis,TN",35.167494,-89.863638,2
"Waffle House-Memphis,TN",35.074719,-89.919942,2
"Waffle House-Monteagle,TN",35.240016,-85.848546,2
"Waffle House-Morristown,TN",36.221436,-83.264707,4
"Waffle House-Morristown,TN",36.196787,-83.34706,6
"Waffle House-Mount Juliet,TN",36.16832,-86.514008,6
"Waffle House-Murfreesboro,TN",35.848198,-86.431176,2
"Waffle House-Murfreesboro,TN",35.845618,-86.442233,3
"Waffle House-Murfreesboro,TN",35.807285,-86.397399,1
"Waffle House-Nashville,TN",36.0456,-86.711167,2
"Waffle House-Nashville,TN",36.153454,-86.685368,4
"Waffle House-Nashville,TN",36.206687,-86.778948,6
"Waffle House-Nashville,TN",36.169411,-86.673454,6
"Waffle House-Nashville,TN",36.2158,-86.688979,8
"Waffle House-Nashville,TN",36.1922493,-86.8297882,1
"Waffle House-Nashville,TN",36.086979,-86.693352,3
"Waffle House-Nashville,TN",36.235526,-86.758243,8
"Waffle House-Nashville,TN",36.0837288,-86.7280426,7
"Waffle House-Nashville,TN",36.151208,-86.857534,4
"Waffle House-Nashville,TN",36.084661,-86.761741,2
"Waffle House-Nashville,TN",36.144735,-86.666762,5
"Waffle House-Nashville,TN",36.129958,-86.901422,7
"Waffle House-Nashville,TN",36.15417,-86.62569,5
"Waffle House-Nashville,TN",36.080209,-86.954508,4
"Waffle House-Nashville,TN",36.135337,-86.724304,4
"Waffle House-Newport,TN",35.945751,-83.205722,7
"Waffle House-Oak Ridge,TN",36.006363,-84.254307,1
"Waffle House-Pigeon Forge,TN",35.7801437,-83.5637131,5
"Waffle House-Powell,TN",36.046916,-84.003381,4
"Waffle House-Sevierville,TN",35.8725795,-83.5685684,3
"Waffle House-Seymour,TN",35.879581,-83.777081,4
"Waffle House-Shelbyville,TN",35.491202,-86.458789,2
"Waffle House-Smyrna,TN",35.984067,-86.555594,4
"Waffle House-Smyrna,TN",35.973844,-86.492669,6
"Waffle House-Spring Hill,TN",35.77102,-86.91639,8
"Waffle House-Springfield,TN",36.494,-86.8775,8
"Waffle House-Tullahoma,TN",35.384701,-86.232145,6
"Waffle House-White House,TN",36.469005,-86.677556,8
"Waffle House-Alvarado,TX",32.41626,-97.223727,8
"Waffle House-Amarillo,TX",35.190673,-101.884029,5
"Waffle House-Amarillo,TX",35.189724,-101.920373,6
"Waffle House-Amarillo,TX",35.163839,-101.869284,4
"Waffle House-Amarillo,TX",35.116754,-101.906766,7
"Waffle House-Arlington,TX",32.764941,-97.097111,4
"Waffle House-Arlington,TX",32.707003,-97.117001,3
"Waffle House-Arlington,TX",32.670745,-97.202147,3
"Waffle House-Austin,TX",30.211975,-97.712534,4
"Waffle House-Austin,TX",30.328808,-97.657748,6
"Waffle House-Baytown,TX",29.805267,-94.981841,8
"Waffle House-Beaumont,TX",30.096495,-94.13113,7
"Waffle House-Beaumont,TX",30.040032,-94.1545,1
"Waffle House-Beaumont,TX",30.068118,-94.136507,5
"Waffle House-Beaumont,TX",30.13339,-94.170222,3
"Waffle House-Bedford,TX",32.86662,-97.109411,3
"Waffle House-Benbrook,TX",32.682136,-97.461369,6
"Waffle House-Burleson,TX",32.5262566,-97.3060608,5
"Waffle House-Burleson,TX",32.543955,-97.313968,5
"Waffle House-Carrollton,TX",33.023452,-96.936862,2
"Waffle House-Conroe,TX",30.365494,-95.479346,4
"Waffle House-Conroe,TX",30.279215,-95.460298,6
"Waffle House-Corsicana,TX",32.078243,-96.44817,1
"Waffle House-Dallas,TX",32.861603,-96.891033,7
"Waffle House-Deer Park,TX",29.664129,-95.124359,7
"Waffle House-Denton,TX",33.231403,-97.175327,2
"Waffle House-Desoto,TX",32.619218,-96.823497,8
"Waffle House-Dickinson,TX",29.4285536,-95.0922026,1
"Waffle House-Duncanville,TX",32.640015,-96.891251,3
"Waffle House-Ennis,TX",32.333664,-96.617077,7
"Waffle House-Euless,TX",32.837162,-97.085458,8
"Waffle House-Farmers Branch,TX",32.950471,-96.855802,7
"Waffle House-Farmers Branch,TX",32.938532,-96.901211,1
"Waffle House-Fort Worth,TX",32.760264,-97.261758,8
"Waffle House-Fort Worth,TX",32.777763,-97.213142,8
"Waffle House-Fort Worth,TX",32.860985,-97.31651,5
"Waffle House-Fort Worth,TX",32.835784,-97.290617,5
"Waffle House-Fort Worth,TX",32.64502,-97.335893,8
"Waffle House-Fort Worth,TX",32.760898,-97.480303,7
"Waffle House-Galveston,TX",29.269298,-94.827887,6
"Waffle House-Garland,TX",32.87818,-96.683157,9
"Waffle House-Garland,TX",32.937142,-96.633207,6
"Waffle House-Grand Prairie,TX",32.677673,-97.045422,8
"Waffle House-Grand Prairie,TX",32.801562,-97.054064,4
"Waffle House-Grand Prairie,TX",32.674432,-96.98515,1
"Waffle House-Grapevine,TX",32.92504,-97.08691,8
"Waffle House-Houston,TX",29.627543,-95.235704,4
"Waffle House-Houston,TX",29.786025,-95.645049,7
"Waffle House-Houston,TX",29.736808,-95.574708,2
"Waffle House-Houston,TX",29.8105625,-95.1564798,7
"Waffle House-Houston,TX",29.652932,-95.249888,7
"Waffle House-Houston,TX",29.878846,-95.676899,1
"Waffle House-Houston,TX",30.023097,-95.422701,8
"Waffle House-Houston,TX",29.9384,-95.385836,5
"Waffle House-Houston,TX",29.685977,-95.643661,5
"Waffle House-Hudson Oaks,TX",32.756938,-97.712178,8
"Waffle House-Humble,TX",29.982752,-95.281207,5
"Waffle House-Irving,TX",32.80335,-96.916306,5
"Waffle House-Irving,TX",32.835742,-96.95,4
"Waffle House-Irving,TX",32.857136,-97.010945,4
"Waffle House-Katy,TX",29.79545,-95.719009,3
"Waffle House-Katy,TX",29.8615319,-95.7196357,4
"Waffle House-La Marque,TX",29.400578,-95.035694,2
"Waffle House-Lake Worth,TX",32.809862,-97.421525,1
"Waffle House-Lancaster,TX",32.604659,-96.822415,2
"Waffle House-Laporte,TX",29.651831,-95.03464,4
"Waffle House-League City,TX",29.502558,-95.116181,1
"Waffle House-Lewisville,TX",33.028923,-96.992386,3
"Waffle House-Longview,TX",32.448658,-94.72319,8
"Waffle House-Longview,TX",32.54206,-94.737841,2
"Waffle House-Mansfield,TX",32.599556,-97.145938,2
"Waffle House-Marshall,TX",32.550693,-94.378286,10
"Waffle House-Mckinney,TX",33.13713,-96.652999,2
"Waffle House-Mesquite,TX",32.765001,-96.575329,3
"Waffle House-Mesquite,TX",32.78958,-96.595867,3
"Waffle House-Mesquite,TX",32.837215,-96.629824,8
"Waffle House-Mont Belvieu,TX",29.82158,-94.899227,7
"Waffle House-N Richland Hls,TX",32.831644,-97.217535,2
"Waffle House-Orange,TX",30.119706,-93.821034,4
"Waffle House-Orange,TX",30.122158,-93.761818,8
"Waffle House-Pasadena,TX",29.649558,-95.166871,5
"Waffle House-Pasadena,TX",29.664129,-95.124359,7
"Waffle House-Pearland,TX",29.559325,-95.333425,6
"Waffle House-Plano,TX",33.056956,-96.688009,1
"Waffle House-Plano,TX",33.005711,-96.682465,2
"Waffle House-Port Arthur,TX",29.93846,-93.98119,5
"Waffle House-Port Arthur,TX",29.936109,-93.933856,4
"Waffle House-Richardson,TX",32.940159,-96.739518,4
"Waffle House-Roanoke,TX",33.014438,-97.229526,4
"Waffle House-Rockwall,TX",32.899065,-96.469037,7
"Waffle House-Rosenberg,TX",29.531787,-95.804319,4
"Waffle House-Saginaw,TX",32.844533,-97.343086,3
"Waffle House-Seabrook,TX",29.580049,-95.026921,5
"Waffle House-Stafford,TX",29.642054,-95.573014,8
"Waffle House-Terrell,TX",32.704477,-96.276566,8
"Waffle House-Terrell,TX",32.737229,-96.307003,4
"Waffle House-Texarkana,TX",33.468588,-94.068189,8
"Waffle House-Texarkana,TX",33.474676,-94.043147,4
"Waffle House-Vidor,TX",30.132229,-94.015187,7
"Waffle House-Waxahachie,TX",32.420703,-96.841073,8
"Waffle House-Weatherford,TX",32.727847,-97.788558,4
"Waffle House-Webster,TX",29.531334,-95.126833,5
"Waffle House-White Settlement,TX",32.73857,-97.467159,5
"Waffle House-Winnie,TX",29.83171,-94.384034,1
"Waffle House-Ashland,VA",37.758388,-77.465651,5
"Waffle House-Blacksburg,VA",37.233201,-80.418062,2
"Waffle House-Charlottesville,VA",38.011553,-78.503243,5
"Waffle House-Charlottesville,VA",38.074217,-78.481467,1
"Waffle House-Chesapeake,VA",36.767204,-76.252245,3
"Waffle House-Chesapeake,VA",36.7144699,-76.1883985,2
"Waffle House-Chesapeake,VA",36.864883,-76.408838,3
"Waffle House-Chesapeake,VA",36.817109,-76.441171,1
"Waffle House-Chester,VA",37.362035,-77.498164,8
"Waffle House-Chester,VA",37.38516,-77.45352,3
"Waffle House-Christiansburg,VA",37.1489,-80.415749,6
"Waffle House-Colonial Heights,VA",37.2712,-77.400119,7
"Waffle House-Dublin,VA",37.082822,-80.690329,6
"Waffle House-Dumfries,VA",38.581287,-77.32448,4
"Waffle House-Fredericksburg,VA",38.245636,-77.499005,7
"Waffle House-Fredericksburg,VA",38.345472,-77.498751,7
"Waffle House-Glen Allen,VA",37.638103,-77.459549,6
"Waffle House-Hampton,VA",37.041202,-76.390262,1
"Waffle House-Harrisonburg,VA",38.433752,-78.845749,5
"Waffle House-Hopewell,VA",37.262646,-77.325246,3
"Waffle House-Lexington,VA",37.802729,-79.41183,7
"Waffle House-Lynchburg,VA",37.37694,-79.185328,1
"Waffle House-Mechanicsville,VA",37.6103,-77.355513,8
"Waffle House-Midlothian,VA",37.43921,-77.593578,5
"Waffle House-Newport News,VA",37.113545,-76.500962,8
"Waffle House-Newport News,VA",37.044735,-76.459175,6
"Waffle House-Newport News,VA",37.140556,-76.518775,6
"Waffle House-Newport News,VA",37.096626,-76.458935,8
"Waffle House-Norfolk,VA",36.855685,-76.207546,7
"Waffle House-North Chesterfield,VA",37.471721,-77.526466,3
"Waffle House-North Chesterfield,VA",37.499386,-77.534395,8
"Waffle House-Petersburg,VA",37.195245,-77.468591,2
"Waffle House-Richmond,VA",37.553006,-77.454299,6
"Waffle House-Richmond,VA",37.401733,-77.422706,8
"Waffle House-Richmond,VA",37.517619,-77.344316,7
"Waffle House-Richmond,VA",37.610945,-77.519675,4
"Waffle House-Richmond,VA",37.470908,-77.528366,7
"Waffle House-Roanoke,VA",37.23566,-79.969926,6
"Waffle House-Roanoke,VA",37.3261242,-79.9913471,2
"Waffle House-Roanoke,VA",37.327174,-79.992217,6
"Waffle House-Ruther Glen,VA",37.935184,-77.474388,7
"Waffle House-Sandston,VA",37.518066,-77.339776,7
"Waffle House-Staunton,VA",38.133901,-79.042422,6
"Waffle House-Stephens City,VA",39.080816,-78.2136,4
"Waffle House-Virginia Beach,VA",36.804371,-76.189016,4
"Waffle House-Virginia Beach,VA",36.881254,-76.18648,4
"Waffle House-Waynesboro,VA",38.064635,-78.937771,1
"Waffle House-Winchester,VA",39.186852,-78.13091,2
"Waffle House-Winchester,VA",39.165409,-78.165002,7
"Waffle House-Wytheville,VA",36.947852,-81.057175,6
"Waffle House-Huntington,WV",38.412195,-82.364098,2
"Waffle House-Inwood,WV",39.362366,-78.043392,6
"Waffle House-Martinsburg,WV",39.445517,-77.986999,4
"Waffle House-Martinsburg,WV",39.486633,-77.957717,2